<?xml version="1.0" encoding="utf-8" standalone="yes" ?>
<rss version="2.0" xmlns:atom="http://www.w3.org/2005/Atom">
  <channel>
    <title>Global City Team Challenge</title>
    <link>https://pages.nist.gov/GCTC/index.xml</link>
    <description>Recent content on Global City Team Challenge</description>
    <generator>Hugo -- gohugo.io</generator>
    <language>en-us</language>
    <copyright>Copyright (c) 2016 - 2017, Global City Team Challenge all rights reserved.</copyright>
    <lastBuildDate>Wed, 10 May 2017 13:49:15 +0000</lastBuildDate>
    <atom:link href="https://pages.nist.gov/GCTC/index.xml" rel="self" type="application/rss+xml" />
    
    <item>
      <title>agenda</title>
      <link>https://pages.nist.gov/GCTC/event/gctc-expo-2017/agenda/</link>
      <pubDate>Wed, 10 May 2017 13:49:15 +0000</pubDate>
      
      <guid>https://pages.nist.gov/GCTC/event/gctc-expo-2017/agenda/</guid>
      <description>&lt;p&gt;&lt;img src=&#34;https://pages.nist.gov/GCTC/GCTC/uploads/2017/05/10/20170505%20Agenda%20Short-rev2.png&#34; alt=&#34;&#34; /&gt;&lt;/p&gt;
</description>
    </item>
    
    <item>
      <title>participation guide</title>
      <link>https://pages.nist.gov/GCTC/about/participation-guide/</link>
      <pubDate>Wed, 26 Apr 2017 09:44:06 -0400</pubDate>
      
      <guid>https://pages.nist.gov/GCTC/about/participation-guide/</guid>
      <description>

&lt;h3 id=&#34;global-city-teams-challenge-gctc-participation-guide-how-to-create-an-action-cluster-and-exhibit-speak-at-the-expo&#34;&gt;Global City Teams Challenge (GCTC) Participation Guide - How to create an action cluster and exhibit/speak at the Expo&lt;/h3&gt;

&lt;p&gt;To create an action cluster, each team must complete and submit a project worksheet. The worksheet template can be downloaded &lt;a href=&#34;https://drive.google.com/file/d/0B8nL0SuAAnfXWnFHLUdTRVpNMEE/view?usp=sharing&#34;&gt;here&lt;/a&gt; and a fictitious example can be downloaded &lt;a href=&#34;https://drive.google.com/file/d/0B8nL0SuAAnfXdmhXajNmSHVZUW8/view?usp=sharing&#34;&gt;here&lt;/a&gt;. The submitted worksheet will be reviewed and accepted once verified to meet all the requirements. Complete and email the worksheet to &lt;a href=&#34;mailto:gctcinfo@nist.gov&#34;&gt;gctcinfo@nist.gov&lt;/a&gt;. GCTC organizers will then review the worksheet and send feedback to the team lead. &lt;strong&gt;&lt;em&gt;Exhibit space and speaking opportunities are provided to the approved action clusters. To join the &lt;a href=&#34;https://pages.nist.gov/GCTC/event/gctc-expo-2017/&#34;&gt;GCTC Expo 2017&lt;/a&gt; as an exhibitor/speaker, please create an action cluster by submitting the worksheet.&lt;/em&gt;&lt;/strong&gt;  The requirements to form an action cluster are as follows:&lt;/p&gt;

&lt;ol&gt;
&lt;li&gt;&lt;p&gt;Each team (i.e. action cluster) needs to have at least 2 entities, at least one of them being a municipal government participant which will deploy the smart city solution. (At least one city official should be listed as a team member in the worksheet and participate in the team.) In most of the cases, an action cluster is composed of more than 2 entities, including multiple technology providers and sometimes multiple cities and communities.&lt;/p&gt;&lt;/li&gt;

&lt;li&gt;&lt;p&gt;Once the team is approved as an action cluster, the information on the worksheet will be published on the GCTC web site, either in summary or in full. The contact information of the team lead will be made public, but the contact information of the municipal partner will not be made public.&lt;/p&gt;&lt;/li&gt;

&lt;li&gt;&lt;p&gt;At the GCTC Expo, it is highly encouraged that the municipal government partner participates in the team presentation and exhibit. Each team should demonstrate the feasibility of their project at the Expo by exhibiting prototypes, pilots, and/or preliminary results. The priorities of speaking opportunities will be given to the action clusters joined by one or more municipal partners. Note that the action clusters with no municipal participation at the Expo may not receive a speaking opportunity depending on the level of demand.&lt;/p&gt;&lt;/li&gt;

&lt;li&gt;&lt;p&gt;Optional: Teams are encouraged to have multiple municipal partners and technology providers in an action cluster.&lt;/p&gt;&lt;/li&gt;
&lt;/ol&gt;

&lt;p&gt;The &lt;a href=&#34;https://pages.nist.gov/GCTC/event/gctc-expo-2017/&#34;&gt;GCTC 2017 Expo&lt;/a&gt; will be the largest smart city and Internet of Things event hosted by the US federal government. _**The event is open to anyone who RSVP at &lt;a href=&#34;http://qmphrggxax7vma.preview.forestry.io/GCTC/event/gctc-expo-2017/&#34;&gt;GCTC Expo web site&lt;/a&gt;. The opportunity to exhibit and speak at the GCTC Expo is provided to the approved action clusters. **_Here are a few important points on the participation of action clusters.&lt;/p&gt;

&lt;ol&gt;
&lt;li&gt;&lt;p&gt;Each action cluster is offered an exhibit space free of charge (8x8 or 10x10, exact size TBD). (Note that the space is provided free of charge, but you will need to cover the cost to build your booth. Details will be provided to the team lead.)&lt;/p&gt;&lt;/li&gt;

&lt;li&gt;&lt;p&gt;Each action cluster is eligible for a speaking slot. If there is excessive demand, priority will be given to the action clusters that are joined by city official(s) as part of the presentation and build an exhibit booth.&lt;/p&gt;&lt;/li&gt;

&lt;li&gt;&lt;p&gt;The event has no registration fee and open to all registered attendees. Participating action clusters should encourage as many of their contacts to attend the Expo as possible.&lt;/p&gt;&lt;/li&gt;

&lt;li&gt;&lt;p&gt;Limited travel support will be made available to city officials speaking as a member of action cluster or SuperCluster up to a ceiling (exact amount TBD) and will be offered to one city official per action cluster.&lt;/p&gt;&lt;/li&gt;
&lt;/ol&gt;

&lt;p&gt;In this year&amp;rsquo;s Expo, several SuperClusters will be highlighted as well as action clusters. For those who are not familiar with SuperClusters, they are alliances of action clusters and relevant additional stakeholders grouped into sectors. Currently, there are five official SuperClusters; (1) transportation (2) city data platform (3) public safety (4) energy/water/waste (5) public WiFi and two additional SuperClusters under construction (Healthcare and Data Governance). Each SuperCluster will be given a dedicated exhibit space and a plenary speaking slot. With the given exhibit space, each action cluster has a choice to set up their own booth (unaffiliated), join their space with a SuperCluster of choice (affiliated), or do both. If you feel that your action cluster is closely aligned with a SuperCluster and want to join your exhibit space with a specific SuperCluster, please reach out to the SuperCluster chairs to place your space as part of the SuperCluster Pavilion. (The contact info of the chairs can be found &lt;a href=&#34;https://docs.google.com/spreadsheets/d/1a697VZZElvLgYISq0ukHhLsK556HQPcdIt_IG6gTPfM/edit?usp=sharing&#34;&gt;here&lt;/a&gt;.)&lt;/p&gt;

&lt;p&gt;&lt;img src=&#34;https://pages.nist.gov/GCTC/GCTC/uploads/2017/04/27/20170425%20GCTC%202017%20Structure%20diagram.jpg&#34; alt=&#34;&#34; /&gt;&lt;/p&gt;

&lt;p&gt;Note that an independent exhibit space and a presentation slot are given to Layers 1-3. Individual entities in Layer 4 can be part of a SuperCluster exhibit/presentation, but no independent space/presentation slot is provided.&lt;/p&gt;
</description>
    </item>
    
    <item>
      <title>Press</title>
      <link>https://pages.nist.gov/GCTC/event/gctc-expo-2017/press/</link>
      <pubDate>Mon, 17 Apr 2017 12:43:33 -0400</pubDate>
      
      <guid>https://pages.nist.gov/GCTC/event/gctc-expo-2017/press/</guid>
      <description>&lt;p&gt;Members of the press are encouraged to contact Jenny Herzfeld at &lt;a href=&#34;mailto:jherzfeld@energetics.com&#34;&gt;jherzfeld@energetics.com&lt;/a&gt; to schedule interviews with our teams and speakers. A complete list of teams can be seen &lt;a href=&#34;https://pages.nist.gov/GCTC/event/gctc-expo-2017/exhibit&#34;&gt;here&lt;/a&gt;. A complete list of speakers can be seen &lt;a href=&#34;https://pages.nist.gov/GCTC/event/gctc-expo-2017/speakers&#34;&gt;here&lt;/a&gt;.&lt;/p&gt;
</description>
    </item>
    
    <item>
      <title>expo presentations</title>
      <link>https://pages.nist.gov/GCTC/event/gctc-expo-2017/expo-presentations/</link>
      <pubDate>Mon, 17 Apr 2017 12:43:33 -0400</pubDate>
      
      <guid>https://pages.nist.gov/GCTC/event/gctc-expo-2017/expo-presentations/</guid>
      <description>&lt;p&gt;Coming Soon&amp;hellip;&lt;/p&gt;
</description>
    </item>
    
    <item>
      <title>news</title>
      <link>https://pages.nist.gov/GCTC/event/gctc-expo-2017/news/</link>
      <pubDate>Mon, 17 Apr 2017 12:43:23 -0400</pubDate>
      
      <guid>https://pages.nist.gov/GCTC/event/gctc-expo-2017/news/</guid>
      <description>&lt;h2&gt;&lt;a href=&#34;http://smartcity.cioreview.com/cxoinsight/building-smart-cities-nid-24516-cid-134.html&#34;&gt;Building Smart Cities&lt;/a&gt;&lt;/h2&gt;

&lt;p&gt;Sokwoo Rhee, National Institute of Standards and Technology (NIST), for &lt;em&gt;CIO Review&lt;/em&gt;&lt;/p&gt;

&lt;p&gt;&lt;img alt=&#34;cioreview&#34; src=&#34;https://pages.nist.gov/GCTC/GCTC/uploads/2017/07/11/cioreview.png&#34;&gt;&lt;/p&gt;

&lt;p&gt;This interview describes the technical and economic benefits of developing smart cities, along with the advantages of leveraging common solutions and investments through NIST&amp;rsquo;s Global City Teams Challenge.&lt;/p&gt;

&lt;hr /&gt;

&lt;h2&gt;&lt;a href=&#34;http://psa.cioreview.com/cioviewpoint/modern-interconnectedness-demands-regional-solutions-nid-24234-cid-159.html&#34;&gt;Modern Interconnectedness Demands Regional Solutions&lt;/a&gt;&lt;/h2&gt;
Jon Walton, CIO of San Mateo County, for CIO Review  

&lt;img alt=&#34;Jon Walton, CIO, San Mateo County&#34; src=&#34;https://pages.nist.gov/GCTC/GCTC/uploads/2017/07/11/jonwalton.jpeg&#34;&gt;  

Jon Walton, CIO, San Mateo County  

Examples from San Mateo County illustrate how local governments can facilitate the development of widespread, high-speed internet connectivity to serve their communities more effectively and efficiently. The county established a public Wi-Fi system in 2015 and is currently building multi-jurisdictional fiber optic network. 

---

&lt;h2&gt;&lt;a href=&#34;http://www.dentonrc.com/education/university-of-north-texas/2017/06/13/briefly-the-university-of-north-texas-3&#34;&gt;University of North Texas: Drone providing cell phone service takes first flight&lt;/a&gt;&lt;/h2&gt;

&lt;p&gt;Jenna Duncan, Staff Writer at Denton Record-Chronicle&lt;/p&gt;

&lt;p&gt;&lt;img alt=&#34;University of North Texas Campus&#34; src=&#34;https://pages.nist.gov/GCTC/GCTC/uploads/2017/07/11/cioreview.png&#34;&gt;&lt;br /&gt;
University of North Texas Campus&lt;/p&gt;

&lt;p&gt;Researchers at the University of North Texas and other organizations completed a successful field test of a drone that provides cell phone service. Potential benefits of this research could enable emergency workers to remain in contact during emergency response situations that disable conventional communications systems.&lt;/p&gt;
</description>
    </item>
    
    <item>
      <title>logistics</title>
      <link>https://pages.nist.gov/GCTC/event/gctc-expo-2017/logistics/</link>
      <pubDate>Mon, 17 Apr 2017 12:43:19 -0400</pubDate>
      
      <guid>https://pages.nist.gov/GCTC/event/gctc-expo-2017/logistics/</guid>
      <description>&lt;p&gt;The Global City Teams Challenge Expo 2017 will be held at The Walter E. Washington Convention Center in Washington D.C. For more information on the convention center, nearby hotels, parking information, and more, click on the link below.&lt;/p&gt;

&lt;p&gt;&lt;a class=&#34;customBtn2&#34; href=&#34;http://www.dcconvention.com/Events/NIST_-_Global_City_Teams_Challenge_(GCTC)_2017_Exp.aspx&#34; target=&#34;_blank&#34;&gt;GCTC Convention Center Site&lt;/a&gt;&lt;/p&gt;

&lt;p&gt;&lt;img src=&#34;https://pages.nist.gov/GCTC/GCTC/uploads/2017/05/04/_0030_exterior-jhph-J2I2063-hires.png&#34; alt=&#34;&#34; /&gt;&lt;/p&gt;

&lt;hr&gt;

&lt;p&gt;Please direct your logistics questions about the Global City Teams Challenge EXPO to Gale Guerrieri at &lt;a href=&#34;mailto:meetingsguru@gmail.com&#34;&gt;meetingsguru@gmail.com&lt;/a&gt;&lt;/p&gt;

&lt;p&gt;For directions to the convention center, click on the link below.&lt;/p&gt;

&lt;p&gt;&lt;a class=&#34;customBtn2&#34; href=&#34;http://www.dcconvention.com/Venues/ConventionCenter/DirectionsAndParking.aspx&#34; target=&#34;_blank&#34;&gt;Directions&lt;/a&gt;&lt;/p&gt;
</description>
    </item>
    
    <item>
      <title>exhibits</title>
      <link>https://pages.nist.gov/GCTC/event/gctc-expo-2017/exhibit/</link>
      <pubDate>Mon, 17 Apr 2017 12:43:14 -0400</pubDate>
      
      <guid>https://pages.nist.gov/GCTC/event/gctc-expo-2017/exhibit/</guid>
      <description>&lt;p&gt;Exhibitors - Please contact Gale Guerrieri at &lt;a href=&#34;mailto:meetingsguru@gmail.com&#34;&gt;meetingsguru@gmail.com&lt;/a&gt; for questions related to exhibitor requirements and packages.&lt;/p&gt;

&lt;p&gt;Exhibits Information Coming Soon&amp;hellip;&lt;/p&gt;
</description>
    </item>
    
    <item>
      <title>partners</title>
      <link>https://pages.nist.gov/GCTC/about/partners/</link>
      <pubDate>Thu, 13 Apr 2017 11:07:01 -0400</pubDate>
      
      <guid>https://pages.nist.gov/GCTC/about/partners/</guid>
      <description>

&lt;style type=&#34;text/css&#34;&gt;
    .inlineBlock {display:inline-block;vertical-align: top;}
&lt;/style&gt;

&lt;h3 id=&#34;us-federal-government-partners&#34;&gt;US Federal Government Partners&lt;/h3&gt;

&lt;div class=&#34;gridWrap&#34;&gt;
    &lt;a class=&#34;inlineBlock&#34; href=&#34;https://www.nsf.gov/&#34;&gt;&lt;img alt=&#34;NSF&#34; src=&#34;https://pages.nist.gov/GCTC/GCTC/uploads/2017/06/09/NSF.png&#34;&gt;&lt;/a&gt;
    &lt;a class=&#34;inlineBlock&#34; href=&#34;http://www.trade.gov/&#34;&gt;&lt;img alt=&#34;ITA&#34; src=&#34;https://pages.nist.gov/GCTC/GCTC/uploads/2017/06/09/ITA.png&#34;&gt;&lt;/a&gt;  
    &lt;a class=&#34;inlineBlock&#34; href=&#34;https://www.ntia.doc.gov/home&#34;&gt;&lt;img alt=&#34;DOC&#34; src=&#34;https://pages.nist.gov/GCTC/GCTC/uploads/2017/06/09/DOC.png&#34;&gt;&lt;/a&gt;
    &lt;a class=&#34;inlineBlock&#34; href=&#34;https://www.dhs.gov/&#34;&gt;&lt;img alt=&#34;DHS&#34; src=&#34;https://pages.nist.gov/GCTC/GCTC/uploads/2017/06/09/DHS.png&#34;&gt;&lt;/a&gt;
    &lt;a class=&#34;inlineBlock&#34; href=&#34;https://www.transportation.gov/&#34;&gt;&lt;img alt=&#34;DOT&#34; src=&#34;https://pages.nist.gov/GCTC/GCTC/uploads/2017/06/09/DOT.png&#34;&gt;&lt;/a&gt;
    &lt;a class=&#34;inlineBlock&#34; href=&#34;https://www.state.gov/&#34;&gt;&lt;img alt=&#34;DOS&#34; src=&#34;https://pages.nist.gov/GCTC/GCTC/uploads/2017/06/09/DOS.png&#34;&gt;&lt;/a&gt;
    &lt;a class=&#34;inlineBlock&#34; href=&#34;https://www.nitrd.gov/&#34;&gt;&lt;img alt=&#34;NITRD&#34; src=&#34;https://pages.nist.gov/GCTC/GCTC/uploads/2017/06/09/NITRD.png&#34;&gt;&lt;/a&gt;
&lt;/div&gt;

&lt;h3 id=&#34;non-governmental-organization-ngo-partners&#34;&gt;Non-Governmental Organization (NGO) Partners&lt;/h3&gt;

&lt;div class=&#34;gridWrap&#34;&gt;
    &lt;a class=&#34;inlineBlock&#34; href=&#34;https://www.us-ignite.org/&#34;&gt;&lt;img alt=&#34;usignite&#34; src=&#34;https://pages.nist.gov/GCTC/GCTC/uploads/2017/06/09/usignite_NG.png&#34;&gt;&lt;/a&gt; 
    &lt;a class=&#34;inlineBlock&#34; href=&#34;https://icma.org/&#34;&gt;&lt;img alt=&#34;ICMA&#34; src=&#34;https://pages.nist.gov/GCTC/GCTC/uploads/2017/06/09/ICMA_NG.png&#34;&gt;&lt;/a&gt;
    &lt;a class=&#34;inlineBlock&#34; href=&#34;http://www.naco.org/&#34;&gt;&lt;img alt=&#34;NACO&#34; src=&#34;https://pages.nist.gov/GCTC/GCTC/uploads/2017/06/09/NACO_NG.png&#34;&gt;&lt;/a&gt;
    &lt;a class=&#34;inlineBlock&#34; href=&#34;http://www.usgbc.org/&#34;&gt;&lt;img alt=&#34;GBC&#34; src=&#34;https://pages.nist.gov/GCTC/GCTC/uploads/2017/06/09/GBC_NG.png&#34;&gt;&lt;/a&gt;
    &lt;a class=&#34;inlineBlock&#34; href=&#34;http://metrolab.heinz.cmu.edu&#34;&gt;&lt;img alt=&#34;MetroLab&#34; src=&#34;https://pages.nist.gov/GCTC/GCTC/uploads/2017/06/09/MetroLab_NG.png&#34;&gt;&lt;/a&gt;
    &lt;a class=&#34;inlineBlock&#34; href=&#34;https://www.fiware.org/&#34;&gt;&lt;img alt=&#34;Fiware&#34; src=&#34;https://pages.nist.gov/GCTC/GCTC/uploads/2017/06/09/Fiware_NG.png&#34;&gt;&lt;/a&gt;
    &lt;a class=&#34;inlineBlock&#34; href=&#34;http://we-gov.org/&#34;&gt;&lt;img alt=&#34;WeGO&#34; src=&#34;https://pages.nist.gov/GCTC/GCTC/uploads/2017/06/09/WeGo_NG.png&#34;&gt;&lt;/a&gt;
    &lt;a class=&#34;inlineBlock&#34; href=&#34;http://www.jointventure.org/&#34;&gt;&lt;img alt=&#34;JointVenture&#34; src=&#34;https://pages.nist.gov/GCTC/GCTC/uploads/2017/06/09/JointVenture_NG.png&#34;&gt;&lt;/a&gt;
    &lt;a class=&#34;inlineBlock&#34; href=&#34;http://cleantechsandiego.org/&#34;&gt;&lt;img alt=&#34;CleanTech&#34; src=&#34;https://pages.nist.gov/GCTC/GCTC/uploads/2017/06/09/CleanTech_NG.png&#34;&gt;&lt;/a&gt;

&lt;a class=&#34;inlineBlock&#34; href=&#34;http://atis.org/&#34;&gt;&lt;img src=&#34;https://pages.nist.gov/GCTC/GCTC/uploads/2017/06/16/atis.png&#34;&gt;&lt;/a&gt;
&lt;/div&gt;
</description>
    </item>
    
    <item>
      <title>Action Clusters</title>
      <link>https://pages.nist.gov/GCTC/action-clusters/</link>
      <pubDate>Thu, 06 Apr 2017 09:56:37 -0400</pubDate>
      
      <guid>https://pages.nist.gov/GCTC/action-clusters/</guid>
      <description>&lt;p&gt;There are more than 300 organizations participating in GCTC smart city technology projects, called Action Clusters. These participants include representatives from U.S. cities and states, major cities in other countries, government agencies, private companies, non-profits, universities, hospitals, and a variety of municipal-focused organizations. (More information to be added soon.)&lt;/p&gt;
</description>
    </item>
    
    <item>
      <title>SuperClusters</title>
      <link>https://pages.nist.gov/GCTC/super-clusters/</link>
      <pubDate>Tue, 04 Apr 2017 14:13:43 +0000</pubDate>
      
      <guid>https://pages.nist.gov/GCTC/super-clusters/</guid>
      <description>

&lt;p&gt;A SuperCluster is a multi-city, multi-stakeholder collaboration organized around common project objectives and shared solutions. Committed cities/communities and partners jointly tackle shared issues – develop and deploy shares solutions to create economies of scale. Each SuperCluster produces blueprint/playbook to be used by cities and communities around the world as the foundation to build their own smart city strategies. A SuperCluster is an alliance of action clusters in the same sector, and may be joined by individual entities that do not belong to a specific action cluster.&lt;/p&gt;

&lt;h2 id=&#34;transportation-supercluster-tsc&#34;&gt;Transportation SuperCluster (TSC)&lt;/h2&gt;

&lt;p&gt;This supercluster was formed and is managed by forward looking municipalities interested in preparing their infrastructure for new technologies that look set to provide better, more equitable services at lower cost. It explores the opportunities provided by first and last mile vehicles including shared, low speed and autonomous. It explores the opportunities for building vibrant communities around transfer points and mobility hubs and it addresses how these vehicles and hubs can play a role in the last mile delivery of packages and other freight. To support these opportunities the supercluster works with teams developing new and advanced transportation models and environmental sensors that allow both the prediction of probable outcomes and the measurement of actual outcomes of introducing these technologies. Finally the supercluster works with teams implementing a smart citySDK to ensure the portability and interchangeability of solutions and propose regulatory and policy changes that support the safe deployment of these technologies.&lt;/p&gt;

&lt;h3 id=&#34;co-chairs&#34;&gt;Co-Chairs:&lt;/h3&gt;

&lt;p&gt;&lt;strong&gt;Wilfred Pinfold, CEO, Urban Systems&lt;/strong&gt;&lt;/p&gt;

&lt;p&gt;&lt;img src=&#34;https://pages.nist.gov/GCTC/GCTC/uploads/2017/04/19/Wilfred_Pinfold.png&#34; alt=&#34;&#34; /&gt;&lt;/p&gt;

&lt;p&gt;&lt;strong&gt;Skip Newbery, President and CEO, Technology Associates of Oregon&lt;/strong&gt;&lt;/p&gt;

&lt;p&gt;&lt;img src=&#34;https://pages.nist.gov/GCTC/GCTC/uploads/2017/04/19/skip_newberry.jpeg&#34; alt=&#34;&#34; /&gt;&lt;/p&gt;

&lt;h3 id=&#34;leadership-team&#34;&gt;Leadership Team:&lt;/h3&gt;

&lt;p&gt;City of Portland OR, City of Columbus OH, Technology Associates of Oregon, Urban.Systems Inc., Baltimore Electric Vehicle Initiative, IsoftStone North America, Pacific Northwest National Laboratory, Portland State University, Ohio State University, Ubiwhere&lt;/p&gt;

&lt;h2 id=&#34;city-platform-dashboard-supercluster-cpsc&#34;&gt;City Platform/Dashboard SuperCluster (CPSC)&lt;/h2&gt;

&lt;p&gt;The cities of Kansas City, Missouri and Bellevue, Washington are teaming with 20 other cities and several corporate partners including Cisco and XAQT to lead the GCTC City Platform Supercluster. We believe that the heart of a Smart City is data. We believe that technology can make a city cool, but data (its collection, analysis and integration into a decision support platform) makes it smart.  We are seeking to discover the common set of things we all measure and understand how we can standardize that list. By agreeing on what we measure, all cities can then apply the data in a manner that allows each of us to address our unique challenges regardless of the size, governance or location of our municipality.&lt;/p&gt;

&lt;h3 id=&#34;chair&#34;&gt;Chair:&lt;/h3&gt;

&lt;p&gt;&lt;strong&gt;Bob Bennett, Chief Innovation Officer, Kansas City, MO&lt;/strong&gt;&lt;/p&gt;

&lt;p&gt;&lt;img src=&#34;https://pages.nist.gov/GCTC/GCTC/uploads/2017/04/19/Bob%20Bennett%203-1.jpg&#34; alt=&#34;&#34; /&gt;&lt;/p&gt;

&lt;h3 id=&#34;leadership-team-1&#34;&gt;Leadership Team:&lt;/h3&gt;

&lt;p&gt;Kansas City MO, City of Bellevue WA, KC Digital Drive, ThinkBig Pargners, Cisco, XAQT&lt;/p&gt;

&lt;h2 id=&#34;public-safety-supercluster-pssc&#34;&gt;Public Safety SuperCluster (PSSC)&lt;/h2&gt;

&lt;p&gt;The Public Safety SuperCluster (PSSC) of the US Ignite-sponsored Global City Teams Challenge is a public-private partnership dedicated to identifying technologies, processes and strategies from among GCTC members to enhance public safety and resilience within smart connected communities, and improve the preparedness, response and recovery of modern society from the complex challenges, hazards and risks that threaten local and regional stability. The broad goal of the PSSC is to develop, integrate and pilot technology applications and test new operating procedures and employment methods in collaboration with first responders, public safety officials, and government agencies, to improve situational awareness before, during, and after an incident or civil emergency in order to protect human life, maintain community functions and infrastructure, and ensure public safety.  Moreover, the PSSC aims to improve policies and procedures for integration of advanced communications methods and decision systems to enhance interagency planning and coordination of resources within smart and connected communities. The PSSC focuses specific attention on the integration of current and future Internet of Things (IoT) technologies to build resilience and sustainability into the technology ecosystem that comprises smart, connected communities.  The PSSC was launched in 2016 by GCTC member communities engaged in developing public-safety focused technologies, and is currently open to membership by all communities, private sector enterprises, non-governmental organizations, and government agencies (at all levels), who share an interest in addressing current and future challenges in public safety, disaster preparedness, and community resilience through the development and integration of advanced technologies.&lt;/p&gt;

&lt;h3 id=&#34;chair-1&#34;&gt;Chair:&lt;/h3&gt;

&lt;p&gt;&lt;strong&gt;Michael Dunaway, Director, NIMSAT, Informatics Research Institute (IRI), University of Louisiana at Lafayette&lt;/strong&gt;&lt;/p&gt;

&lt;p&gt;&lt;img src=&#34;https://pages.nist.gov/GCTC/GCTC/uploads/2017/04/19/Michael%20Dunaway.jpg&#34; alt=&#34;&#34; /&gt;&lt;/p&gt;

&lt;h3 id=&#34;leadership-team-2&#34;&gt;Leadership Team:&lt;/h3&gt;

&lt;p&gt;Washington DC, New York City, NY, Austin, TX, University of Louisiana at Lafayette , George Mason University, Mimocloud, IDC, Everbridge, Cisco, New Urban Informatics, Dean Skidmore&lt;/p&gt;

&lt;h2 id=&#34;energy-water-waste-management-supercluster-ewsc&#34;&gt;Energy/Water/Waste Management SuperCluster (EWSC)&lt;/h2&gt;

&lt;p&gt;The GCTC Utility SuperCluster purpose is to address leading sustainability issues in cities for Energy, Water and Waste by bringing cities and counties together in the United States and around the world with academia and technology partners to demonstrate real world class examples and best practices. The SuperCluster is managed in three groups with each group managed with its own working group chair. Each Energy, Water and Waste working group is responsible for managing active projects with a common goal to develop a common blueprint.  The blueprint will represent best practices and serve as a practical guide for the implementation IoT technologies/&lt;/p&gt;

&lt;p&gt;Objectives for the Utility SuperCluster include:&lt;/p&gt;

&lt;ul&gt;
&lt;li&gt;&lt;p&gt;Reduce water lost through leaks in water transmission and distribution utility infrastructure&lt;/p&gt;&lt;/li&gt;

&lt;li&gt;&lt;p&gt;Increase water revenues with new and innovative metering technologies&lt;/p&gt;&lt;/li&gt;

&lt;li&gt;&lt;p&gt;Increase water conservation adoption with weather analytics bases solutions&lt;/p&gt;&lt;/li&gt;

&lt;li&gt;&lt;p&gt;Address city resilience needs with a focus on energy&lt;/p&gt;&lt;/li&gt;

&lt;li&gt;&lt;p&gt;Develop and implement new strategies for zero waste&lt;/p&gt;&lt;/li&gt;

&lt;li&gt;&lt;p&gt;Make it easy for cities to have access to public private partners funding models and government grant information&lt;/p&gt;&lt;/li&gt;
&lt;/ul&gt;

&lt;h3 id=&#34;chair-2&#34;&gt;Chair:&lt;/h3&gt;

&lt;p&gt;&lt;strong&gt;Ed Davalos, Director of Internet of Things and Smart Cities, AT&amp;amp;T&lt;/strong&gt;&lt;/p&gt;

&lt;p&gt;&lt;img src=&#34;https://pages.nist.gov/GCTC/GCTC/uploads/2017/04/19/Ed%20Davalos%20-%20Pic%201.1.gif&#34; alt=&#34;&#34; /&gt;&lt;/p&gt;

&lt;h3 id=&#34;leadership-team-3&#34;&gt;Leadership Team:&lt;/h3&gt;

&lt;p&gt;City of Atlanta GA, Gwinnett County, GA, City of San Leandro CA, AT&amp;amp;T, CH2M, ZipPower, Scalable Strategies&lt;/p&gt;

&lt;h2 id=&#34;public-wifi-supercluster-pwsc&#34;&gt;Public WiFi SuperCluster (PWSC)&lt;/h2&gt;

&lt;p&gt;The GCTC Public Wi-Fi SuperCluster is focused on development of best practices for the deployment of high-speed, public Wi-Fi systems. As wireless internet connectivity has grown to become a critical part of our society, municipalities have discovered that wireless service in public spaces can be more than just a nice amenity; it can be a tool for economic development, a lever for tackling the digital divide and homework gap, and serve as core infrastructure in IoT networks, supporting smart city applications such as public safety, energy, lighting, transportation, and more.&lt;/p&gt;

&lt;p&gt;Yet, for all of its promise, the goals of deploying ubiquitous, public Wi-Fi connectivity and the building and sustaining a municipally-owned wireless system remain difficult to achieve. As a result, many municipalities have struggled to deploy and sustain these systems. The Public Wi-Fi SuperCluster will address these issues by analysis aimed at uncovering the best practices for successful deployments from municipalities themselves. These best practices will come in the form of interviews, workshops, and case studies covering four broad areas: technical design; financial, legal, and marketing; project management; and outcomes &amp;amp; use cases.&lt;/p&gt;

&lt;p&gt;By collecting, analyzing, and reporting this information in aggregate, the Public Wi-Fi SuperCluster aims to publish a blueprint for municipalities of any kind - whether large or small, urban or rural - to successfully deploy public Wi-Fi by learning from those who have done it already.&lt;/p&gt;

&lt;h3 id=&#34;co-chairs-1&#34;&gt;Co-chairs:&lt;/h3&gt;

&lt;p&gt;&lt;strong&gt;David Witkowski, Executive Director, Wireless Communications Initiative, Joint Venture Silicon Valley&lt;/strong&gt;&lt;/p&gt;

&lt;p&gt;&lt;img src=&#34;https://pages.nist.gov/GCTC/GCTC/uploads/2017/04/19/David%20Witkowski_Jacket_1920_1920-1.jpg&#34; alt=&#34;&#34; /&gt;&lt;/p&gt;

&lt;p&gt;&lt;strong&gt;Jon Walton, Chief Information Officer, San Mateo County, CA&lt;/strong&gt;&lt;/p&gt;

&lt;p&gt;&lt;img src=&#34;https://pages.nist.gov/GCTC/GCTC/uploads/2017/04/19/JonWalton%20Image-2.jpeg&#34; alt=&#34;&#34; /&gt;&lt;/p&gt;

&lt;p&gt;&lt;strong&gt;Tony Batalla, IT Manager/Director, City of San Leandro, CA&lt;/strong&gt;&lt;/p&gt;

&lt;p&gt;&lt;img src=&#34;https://pages.nist.gov/GCTC/GCTC/uploads/2017/04/19/Tony_Battala.jpg&#34; alt=&#34;&#34; /&gt;&lt;/p&gt;

&lt;h3 id=&#34;leadership-team-4&#34;&gt;Leadership Team:&lt;/h3&gt;

&lt;p&gt;San Mateo County CA, City of San Leandro CA, City of Schenectady NY, Joint Venture Silicon Valley, Ruckus Wireless, Sensity/Verizon, Smart Connections LLC, Oku Solutions LLC, National Telecommunications and Information Administration&lt;/p&gt;
</description>
    </item>
    
    <item>
      <title>About GCTC</title>
      <link>https://pages.nist.gov/GCTC/about/the-gctc/</link>
      <pubDate>Mon, 03 Apr 2017 10:58:28 -0400</pubDate>
      
      <guid>https://pages.nist.gov/GCTC/about/the-gctc/</guid>
      <description>

&lt;h2 id=&#34;learn-about-the-global-city-teams-challenge&#34;&gt;Learn about the Global City Teams Challenge&lt;/h2&gt;

&lt;p&gt;Internet of Things (IoT) and Cyber-Physical Systems (CPS) involve connecting smart devices and systems—in diverse sectors such as transportation, energy, manufacturing, and healthcare—in fundamentally new ways. These technologies will enable cities and communities to improve services, promote economic growth, and enhance the quality of life.&lt;/p&gt;

&lt;p&gt;Because many of today’s smart city/community development efforts are isolated and customized projects, the National Institute of Standards and Technology (NIST) launched the Global City Teams Challenge (GCTC) to encourage collaboration and the development of standards. GCTC’s long-term goal is “to establish and demonstrate replicable, scalable, and sustainable models for incubation and deployment of interoperable, standard-based solutions using advanced technologies such as IoT and CPS, and demonstrate their measurable benefits in communities and cities.” To put it simply, this program will help communities benefit from the experience of others to improve efficiency and lower costs.&lt;/p&gt;

&lt;p&gt;NIST, along with its partners, acts as a matchmaker and incubator —facilitating, advising, encouraging, nurturing, and publicizing the action clusters and their projects. Since the programs launched in September 2014, GCTC has recruited and incubated over 160 with participation from over 150 cities and 400 companies/organizations from around the world.&lt;/p&gt;

&lt;p&gt;For further information, contact the organizer, Sokwoo Rhee (&lt;a href=&#34;mailto:sokwoo.rhee@nist.gov&#34;&gt;sokwoo.rhee@nist.gov&lt;/a&gt;).&lt;/p&gt;

&lt;p&gt;&lt;strong&gt;Sokwoo Rhee, Associate Director, Cyber-Physical Systems Program, NIST&lt;/strong&gt;&lt;/p&gt;

&lt;p&gt;&lt;img src=&#34;https://pages.nist.gov/GCTC/GCTC/uploads/2017/04/19/Sokwoo%20Rhee-1.JPG&#34; alt=&#34;&#34; /&gt;&lt;/p&gt;
</description>
    </item>
    
    <item>
      <title></title>
      <link>https://pages.nist.gov/GCTC/event/gctc-expo-2017/</link>
      <pubDate>Mon, 01 Jan 0001 00:00:00 +0000</pubDate>
      
      <guid>https://pages.nist.gov/GCTC/event/gctc-expo-2017/</guid>
      <description>&lt;meta charset=&#34;utf-8&#34;&gt;
&lt;meta http-equiv=&#34;X-UA-Compatible&#34; content=&#34;IE=edge&#34;&gt;
&lt;meta name=&#34;viewport&#34; content=&#34;width=device-width, initial-scale=1&#34;&gt;

&lt;title&gt;The 2017 Global City Teams Challenge (GCTC) Expo&lt;/title&gt;

  
&lt;link rel=&#34;stylesheet&#34; href=&#34;//maxcdn.bootstrapcdn.com/font-awesome/4.7.0/css/font-awesome.min.css&#34;&gt;
  &lt;link rel=&#34;stylesheet&#34; href=&#34;//maxcdn.bootstrapcdn.com/bootstrap/3.3.7/css/bootstrap.min.css&#34; integrity=&#34;sha384-BVYiiSIFeK1dGmJRAkycuHAHRg32OmUcww7on3RYdg4Va+PmSTsz/K68vbdEjh4u&#34; crossorigin=&#34;anonymous&#34;&gt;

&lt;link href=&#34;https://pages.nist.gov/cpspwg/static/css/nist_github_header.css&#34; type=&#34;text/css&#34; rel=&#34;stylesheet&#34;&gt;
&lt;link href=&#34;https://fonts.googleapis.com/css?family=Open+Sans:400,700|Roboto:100,400,400i,700,900&#34; rel=&#34;stylesheet&#34;&gt;
  &lt;!-- Css animations  --&gt;
  &lt;link href=&#34;{{ .Site.BaseURL }}css/animate.css&#34; rel=&#34;stylesheet&#34;&gt;

  &lt;!-- Theme stylesheet, if possible do not edit this stylesheet --&gt;
  {{ if and (isset .Site.Params &#34;style&#34;) .Site.Params.style }}
    &lt;link href=&#34;{{ .Site.BaseURL }}css/style.{{ .Site.Params.style }}.css&#34; rel=&#34;stylesheet&#34; id=&#34;theme-stylesheet&#34;&gt;
  {{ else }}
    &lt;link href=&#34;{{ .Site.BaseURL }}css/style.default.css&#34; rel=&#34;stylesheet&#34; id=&#34;theme-stylesheet&#34;&gt;
  {{ end }}
&lt;link href=&#34;{{ .Site.BaseURL }}css/custom.css&#34; rel=&#34;stylesheet&#34;&gt;
&lt;style&gt;
	html, body {padding: 0;margin: 0;}
	body {font-family: &#39;Open Sans&#39;, sans-serif;font-size:18px; overflow-x: hidden;line-height: 1.6;}
	h1, h2, h3, h4, h5 {font-family: &#39;Roboto Condensed&#39;, sans-serif;font-weight: 700;}
	.lead {font-size:28px;}
	h1, h2 {font-size:74px;}
	a {opacity:1; transition: opacity .25s ease-in-out; }
	a:hover {opacity: 0.6;}
	#site-header {text-align:center;padding:20px 0;}
	#hero {background:url(http://sites.energetics.com/temp/gtct/images/pexels-photo-238634.jpeg) no-repeat 50% 0; background-size:cover;min-height:680px;position:relative;}
	#hero h1 {color:#fff;border-top:11px solid #3E9FBA;border-bottom: 11px solid #3E9FBA;display:block;text-align: center;margin: 100px auto 0 auto;max-width: 720px;font-size:74px;line-height: 89px;padding:20px 0;text-shadow:2px 2px 0px rgba(0,0,0,1.0), -1px -1px 22px rgba(0,0,0,0.5);}
	#hero #date, #hero #location {display: inline-block;font-size:35px;font-family: &#39;Roboto Condensed&#39;, sans-serif;font-weight: 300;color:#fff;text-align:center;line-height: 1;text-shadow:2px 2px 0px rgba(0,0,0,1.0), -1px -1px 22px rgba(0,0,0,0.5);}
	#hero .wrap {margin:20px auto;width:50%;text-align: center;padding-left: 35px;}
	/* #hero #date::after {content:&#34;&#34;;display: inline-block;background:url(images/logo-icon.png) no-repeat 50% 50%;width:50px;height:64px;margin:10px 0 0 0;} */	
	#intro {background-color:#3E9FBA;color:#fff;padding:40px 0;background-image:none;}
	
	.row.no-gutter {}
	.no-gutter &gt; [class*=&#39;col-&#39;] {
		padding-right:0;
		padding-left:0;
	}
	
	#cta { background: #C1B8AF;}
	#cta .lead {font-family: &#39;Roboto Condensed&#39;, sans-serif;font-weight: 300;}
	.customBtn {font-family: &#39;Roboto Condensed&#39;, sans-serif;font-weight: 700;font-size:74px;color:#fff;border-radius:2px;background:url(http://sites.energetics.com/temp/gtct/images/btn-icon.png) right center no-repeat #3E9FBA;padding:10px 120px 10px 40px;}	
		
	#intro a {color:#fff;text-decoration:underline;}
	#intro .container, #intro .row {height: auto; position: relative;}
	#dcConvention:hover{opacity:0.8;}
&lt;/style&gt;



    &lt;header class=&#34;nist-header&#34;&gt;
	&lt;h1&gt;
	  &lt;a class=&#34;nist-logo&#34; href=&#34;http://www.nist.gov/cps&#34; title=&#34;Go to nist.gov&#34;&gt;National Institute of Standards and Technology&lt;/a&gt;
	&lt;/h1&gt;
	&lt;div class=&#34;nist-links&#34;&gt;
	  &lt;a class=&#34;nist-links-button&#34; href=&#34;http://www.nist.gov&#34;&gt;NIST Website&lt;/a&gt;
	  &lt;a class=&#34;nist-links-button mobile-hide&#34; href=&#34;http://www.nist.gov/public_affairs/nandyou.cfm&#34;&gt;About NIST&lt;/a&gt;
	  &lt;a class=&#34;nist-links-button mobile-hide&#34; href=&#34;https://github.com/usnistgov&#34;&gt;usnistgov on Github&lt;/a&gt;
	&lt;/div&gt;
&lt;/header&gt;
    &lt;div class=&#34;navbar-affixed-top&#34; data-spy=&#34;affix&#34; data-offset-top=&#34;200&#34;&gt;

    &lt;div class=&#34;navbar navbar-default yamm&#34; role=&#34;navigation&#34; id=&#34;navbar&#34;&gt;

        &lt;div class=&#34;container&#34;&gt;
            &lt;div class=&#34;navbar-header&#34;&gt;
                &lt;a class=&#34;navbar-brand home&#34; href=&#34;{{ .Site.BaseURL }}&#34;&gt;
                    &lt;img src=&#34;{{ .Site.BaseURL }}img/GCTC_logo_344x80.png&#34; alt=&#34;{{ .Title }} logo&#34; class=&#34;hidden-xs hidden-sm&#34;&gt;
                    &lt;img src=&#34;{{ .Site.BaseURL }}img/GCTC_logo-small.png&#34; alt=&#34;{{ .Title }} logo&#34; class=&#34;visible-xs visible-sm&#34;&gt;
                    &lt;span class=&#34;sr-only&#34;&gt;{{ .Title }} - {{ i18n &#34;navHome&#34; }}&lt;/span&gt;
                &lt;/a&gt;
                &lt;div class=&#34;navbar-buttons&#34;&gt;
                    &lt;button type=&#34;button&#34; class=&#34;navbar-toggle btn-template-main&#34; data-toggle=&#34;collapse&#34; data-target=&#34;#navigation&#34;&gt;
                      &lt;span class=&#34;sr-only&#34;&gt;{{ i18n &#34;navToggle&#34; }}&lt;/span&gt;
                        &lt;i class=&#34;fa fa-align-justify&#34;&gt;&lt;/i&gt;
                    &lt;/button&gt;
                &lt;/div&gt;
            &lt;/div&gt;
            &lt;!--/.navbar-header --&gt;

            &lt;div class=&#34;navbar-collapse collapse&#34; id=&#34;navigation&#34;&gt;
                &lt;ul class=&#34;nav navbar-nav navbar-right&#34;&gt;
                  {{ range .Site.Menus.main }}
                  &lt;li class=&#34;dropdown&#34;&gt;
                    {{ if .HasChildren }}
                      &lt;a href=&#34;#&#34; class=&#34;dropdown-toggle&#34; data-toggle=&#34;dropdown&#34; role=&#34;button&#34; aria-haspopup=&#34;true&#34; aria-expanded=&#34;false&#34;&gt;{{ .Name }} &lt;span class=&#34;caret&#34;&gt;&lt;/span&gt;&lt;/a&gt;
                    &lt;ul class=&#34;dropdown-menu&#34;&gt;
                      {{ range .Children }}
                        &lt;li&gt;&lt;a href=&#34;{{ .URL }}&#34;&gt;{{ .Name }}&lt;/a&gt;&lt;/li&gt;
                      {{ end }}
                    &lt;/ul&gt;
                    {{ else }}
                    &lt;a href=&#34;{{ .URL }}&#34;&gt;{{ .Name }}&lt;/a&gt;
                    {{ end  }}
                  &lt;/li&gt;
                  {{ end }}
                &lt;/ul&gt;
				
				&lt;ul id=&#34;expoNav&#34; class=&#34;nav navbar-nav navbar-right&#34; style=&#34;clear:both;&#34;&gt;
                  {{ range .Site.Menus.expomenu }}
                  &lt;li class=&#34;dropdown&#34;&gt;
                    {{ if .HasChildren }}
                      &lt;a href=&#34;#&#34; class=&#34;dropdown-toggle&#34; data-toggle=&#34;dropdown&#34; role=&#34;button&#34; aria-haspopup=&#34;true&#34; aria-expanded=&#34;false&#34;&gt;{{ .Name }} &lt;span class=&#34;caret&#34;&gt;&lt;/span&gt;&lt;/a&gt;
                    &lt;ul class=&#34;dropdown-menu&#34;&gt;
                      {{ range .Children }}
                        &lt;li&gt;&lt;a href=&#34;{{ .URL }}&#34;&gt;{{ .Name }}&lt;/a&gt;&lt;/li&gt;
                      {{ end }}
                    &lt;/ul&gt;
                    {{ else }}
                    &lt;a href=&#34;{{ .URL }}&#34;&gt;{{ .Name }}&lt;/a&gt;
                    {{ end  }}
                  &lt;/li&gt;
                  {{ end }}
                &lt;/ul&gt;
				
            &lt;/div&gt;
            &lt;!--/.nav-collapse --&gt;

            &lt;div class=&#34;collapse clearfix&#34; id=&#34;search&#34;&gt;

                
                    &lt;div class=&#34;input-group&#34;&gt;
                        &lt;input type=&#34;text&#34; class=&#34;form-control&#34; placeholder=&#34;Search&#34;&gt;
                        &lt;span class=&#34;input-group-btn&#34;&gt;

                    &lt;button type=&#34;submit&#34; class=&#34;btn btn-template-main&#34;&gt;&lt;i class=&#34;fa fa-search&#34;&gt;&lt;/i&gt;&lt;/button&gt;

                &lt;/span&gt;
                    &lt;/div&gt;
                

            &lt;/div&gt;
            &lt;!--/.nav-collapse --&gt;

        &lt;/div&gt;
    &lt;/div&gt;
    &lt;!-- /#navbar --&gt;

&lt;/div&gt;

&lt;!-- *** NAVBAR END ***--&gt;





&lt;div class=&#34;container-fluid&#34; id=&#34;hero&#34;&gt;
	&lt;div class=&#34;row&#34;&gt;
		&lt;div class=&#34;col-md-12&#34;&gt;
			&lt;h1&gt;GLOBAL CITY TEAMS CHALLENGE EXPO 2017&lt;/h1&gt;
			&lt;div class=&#34;wrap&#34;&gt;
				&lt;p id=&#34;date&#34;&gt;AUGUST 28-29 &lt;img class=&#34;mobile-hide&#34; style=&#34;padding:0 15px 0 15px; margin-left:20px;&#34; alt=&#34;icon&#34; src=&#34;http://sites.energetics.com/temp/gtct/images/logo-icon.png&#34;&gt; WASHINGTON, DC&lt;/p&gt;
			&lt;/div&gt;
		&lt;/div&gt;
	&lt;/div&gt;
&lt;/div&gt;
&lt;div class=&#34;container-fluid&#34; id=&#34;intro&#34;&gt;
	&lt;div class=&#34;row&#34;&gt;
		&lt;div class=&#34;col-md-6 col-md-offset-3&#34;&gt;
			&lt;p class=&#34;lead&#34;&gt;The 2017 Global City Teams Challenge (GCTC) Expo will bring together over 100 cities and communities around the world in partnership with more than 300 companies, universities, non-profits, and federal government agencies to share and exhibit their smart city projects and the impacts to their communities.&lt;/p&gt;
			&lt;p&gt;Over 100 action clusters will exhibit and present their projects. SuperClusters will announce smart city blueprints that document real-world examples and best practices among smart city plans and solutions gleaned from cities around the world. Visit &lt;a href=&#34;https://pages.nist.gov/GCTC/about/participation-guide/&#34;&gt;GCTC Participation Guide &lt;/a&gt; if you want to create a new action cluster to exhibit and speak at the event.&lt;/p&gt;
		&lt;/div&gt;
	&lt;/div&gt;
&lt;/div&gt;
&lt;div class=&#34;container-fluid&#34; id=&#34;cta&#34;&gt;
	&lt;div class=&#34;row no-gutter&#34;&gt;
		&lt;div class=&#34;col-md-6&#34;&gt;
			&lt;img src=&#34;http://sites.energetics.com/temp/gtct/images/AdobeStock_22332317.jpg&#34; alt=&#34;THE WALTER E. WASHINGTON CONVENTION CENTER&#34; class=&#34;img-responsive&#34;&gt;
		&lt;/div&gt;
		&lt;div class=&#34;col-md-6&#34; id=&#34;dcConvention&#34;&gt;
			&lt;div style=&#34;cursor: pointer;background: #646469;overflow: hidden;padding: 20px 40px;color:#fff;&#34;&gt;
				&lt;a href=&#34;http://www.dcconvention.com/Events/NIST_-_Global_City_Teams_Challenge_(GCTC)_2017_Exp.aspx&#34; target=&#34;_blank&#34; style=&#34;text-decoration: none;color:#ffffff;&#34;&gt;
				&lt;h2&gt;AUGUST 28-29, 2017&lt;/h2&gt;
				&lt;p class=&#34;lead&#34; style=&#34;margin-bottom: 0;padding-bottom:0;&#34;&gt;
					THE WALTER E. WASHINGTON CONVENTION CENTER
				&lt;/p&gt;
				&lt;p style=&#34;margin: 0;padding:0;&#34;&gt;&lt;small&gt;801 Mt. Vernon Place NW, Washington, DC, USA&lt;/small&gt;&lt;/p&gt;
				&lt;/a&gt;
			&lt;/div&gt;
			&lt;div style=&#34;overflow: hidden;padding: 40px;color:#181818;&#34;&gt;
				&lt;p&gt;&lt;a class=&#34;customBtn&#34; href=&#34;mailto:GCTCExpo@energetics.com?subject=RSVP | 2017 Global City Teams Challenge (GCTC) Expo&amp;amp;body=Please RSVP with the name, title, affiliation, and email address for all registrants.&#34;&gt;RSVP Now&lt;/a&gt;&lt;/p&gt;
				&lt;p&gt;&lt;strong&gt;Registration is free&lt;/strong&gt;. To register for the event, please click on the RSVP button above or email &lt;a href=&#34;mailto:GCTCExpo@energetics.com?subject=RSVP | 2017 Global City Teams Challenge (GCTC) Expo&amp;amp;body=Please RSVP with the name, title, affiliation, and email address for all registrants.&#34;&gt;GCTCExpo@energetics.com&lt;/a&gt;. Please RSVP with the name, title, affiliation, and email address for all registrants. For general questions regarding the Global City Teams Challenge and/or Expo, email &lt;a href=&#34;mailto:sokwoo.rhee@nist.gov?subject=General question about the 2017 Global City Teams Challenge (GCTC) Expo&#34;&gt;sokwoo.rhee@nist.gov&lt;/a&gt;. &lt;/p&gt;
			&lt;/div&gt;
		&lt;/div&gt;		
	&lt;/div&gt;
&lt;/div&gt;
&lt;footer id=&#34;footer&#34;&gt;

&lt;/footer&gt;

&lt;!-- /#footer --&gt;
&lt;div&gt;
&lt;p style=&#34;color:#777;font-size:12px;line-height:110%;padding-top:20px;padding-left:50px;padding-right:50px;padding-bottom:10px;&#34;&gt;
PLEASE NOTE: This is a collaborative website. NIST does not endorse the views expressed, or necessarily concur with the information presented on these sites. Further, NIST does not endorse any commercial products that may be mentioned on these sites. All the material on this website is in the public domain and is intended for unrestricted use by interested parties, including any text, diagrams, or images, unless indicated explicitly.
&lt;br&gt;&lt;br&gt;Don&#39;t share anything on this site that you do not want to be public. Do not post any proprietary documents, information or data Anything placed on this site is considered public disclosure and it shall be deemed to have been disclosed on a non-confidential basis, without any restrictions on use by anyone, except that no valid copyright or patent right shall be deemed to have been waived by such disclosure. 
&lt;br&gt;&lt;br&gt;Certain commercial equipment, instruments, materials, systems, software, and trade names may be identified throughout this site in order to specify or identify technologies adequately. Such identification is not intended to imply recommendation or endorsement by NIST or any other party, nor is it intended to imply that the systems or products identified are necessarily the best available for the purpose. All data and other information posted on this site is provided as a public service and is provided &#34;AS IS.&#34;  NIST MAKES NO WARRANTY OF ANY KIND, EXPRESS, IMPLIED OR STATUTORY, INCLUDING, WITHOUT LIMITATION, THE IMPLIED WARRANTY OF MERCHANTABILITY, FITNESS FOR A PARTICULAR PURPOSE, NON-INFRINGEMENT AND DATA ACCURACY.  
&lt;br&gt;&lt;br&gt;By selecting external links, you will be leaving NIST webspace. Links to other websites are provided because they may have information that would be of interest to you. No inferences should be drawn on account of other sites being referenced, or not, from this page. There may be other websites that are more appropriate for your purpose.
&lt;br&gt;&lt;a href=&#34;http://www.nist.gov/public_affairs/privacy.cfm#privpolicy&#34;&gt;Privacy Policy&lt;/a&gt; | &lt;a href=&#34;http://www.nist.gov/public_affairs/privacy.cfm#secnot&#34;&gt;Security Notice&lt;/a&gt; | &lt;a href=&#34;http://www.nist.gov/public_affairs/privacy.cfm#accesstate&#34;&gt;Accessibility Statement&lt;/a&gt; | &lt;a href=&#34;mailto:sgwikisupport@nist.gov?subject=Feedback%20on%20NistPagesTemplate%20Web%20Site&#34;&gt;Send feedback&lt;/a&gt;

&lt;/p&gt;
&lt;/div&gt;

&lt;script src=&#34;https://ajax.googleapis.com/ajax/libs/jquery/1.12.4/jquery.min.js&#34;&gt;&lt;/script&gt;
&lt;!-- Latest compiled and minified JavaScript --&gt;
&lt;script src=&#34;https://maxcdn.bootstrapcdn.com/bootstrap/3.3.7/js/bootstrap.min.js&#34; integrity=&#34;sha384-Tc5IQib027qvyjSMfHjOMaLkfuWVxZxUPnCJA7l2mCWNIpG9mGCD8wGNIcPD7Txa&#34; crossorigin=&#34;anonymous&#34;&gt;&lt;/script&gt;

&lt;script&gt;
(function(i,s,o,g,r,a,m){i[&#39;GoogleAnalyticsObject&#39;]=r;i[r]=i[r]||function(){
(i[r].q=i[r].q||[]).push(arguments)},i[r].l=1*new Date();a=s.createElement(o),
m=s.getElementsByTagName(o)[0];a.async=1;a.src=g;m.parentNode.insertBefore(a,m)
})(window,document,&#39;script&#39;,&#39;https://www.google-analytics.com/analytics.js&#39;,&#39;ga&#39;);

ga(&#39;create&#39;, &#39;UA-98010590-1&#39;, &#39;auto&#39;);
ga(&#39;send&#39;, &#39;pageview&#39;);
&lt;/script&gt;</description>
    </item>
    
    <item>
      <title>Contact</title>
      <link>https://pages.nist.gov/GCTC/contact/</link>
      <pubDate>Mon, 01 Jan 0001 00:00:00 +0000</pubDate>
      
      <guid>https://pages.nist.gov/GCTC/contact/</guid>
      <description>

&lt;h1 id=&#34;we-are-here-to-help-you&#34;&gt;We are here to help you&lt;/h1&gt;

&lt;p&gt;Are you curious about something? Do you have some kind of problem with our products? As am hastily invited settled at limited civilly fortune me. Really spring in extent an by. Judge but built gay party world. Of so am he remember although required. Bachelor unpacked be advanced at. Confined in declared marianne is vicinity.&lt;/p&gt;

&lt;p&gt;Please feel free to contact us, our customer service center is working for you &lt;sup&gt;24&lt;/sup&gt;&amp;frasl;&lt;sub&gt;7&lt;/sub&gt;.&lt;/p&gt;
</description>
    </item>
    
    <item>
      <title>FAQ</title>
      <link>https://pages.nist.gov/GCTC/faq/</link>
      <pubDate>Mon, 01 Jan 0001 00:00:00 +0000</pubDate>
      
      <guid>https://pages.nist.gov/GCTC/faq/</guid>
      <description>

&lt;p&gt;Pellentesque habitant morbi tristique senectus et netus et malesuada fames ac turpis egestas. Vestibulum tortor quam, feugiat vitae, ultricies eget, tempor sit amet, ante. Donec eu libero sit amet quam egestas semper. Aenean ultricies mi vitae est. Mauris placerat eleifend leo.&lt;/p&gt;

&lt;h2 id=&#34;1-what-to-do-if-i-have-still-not-received-the-order&#34;&gt;1. WHAT TO DO IF I HAVE STILL NOT RECEIVED THE ORDER?&lt;/h2&gt;

&lt;p&gt;Pellentesque habitant morbi tristique senectus et netus et malesuada fames ac turpis egestas. Vestibulum tortor quam, feugiat vitae, ultricies eget, tempor sit amet, ante. Donec eu libero sit amet quam egestas semper. Aenean ultricies mi vitae est. Mauris placerat eleifend leo.&lt;/p&gt;

&lt;ul&gt;
&lt;li&gt;Lorem ipsum dolor sit amet, consectetuer adipiscing elit.&lt;/li&gt;
&lt;li&gt;Aliquam tincidunt mauris eu risus.&lt;/li&gt;
&lt;li&gt;Vestibulum auctor dapibus neque.&lt;/li&gt;
&lt;/ul&gt;

&lt;h2 id=&#34;2-what-are-the-postal-rates&#34;&gt;2. WHAT ARE THE POSTAL RATES?&lt;/h2&gt;

&lt;p&gt;Anim pariatur cliche reprehenderit, enim eiusmod high life accusamus terry richardson ad squid. 3 wolf moon officia aute, non cupidatat skateboard dolor brunch. Food truck quinoa nesciunt laborum eiusmod. Brunch 3 wolf moon tempor, sunt aliqua put a bird on it squid single-origin coffee nulla assumenda shoreditch et. Nihil anim keffiyeh helvetica, craft beer labore wes anderson cred nesciunt sapiente ea proident. Ad vegan excepteur butcher vice lomo. Leggings occaecat craft beer farm-to-table, raw denim aesthetic synth nesciunt you probably haven&amp;rsquo;t heard of them accusamus labore sustainable VHS.&lt;/p&gt;

&lt;h2 id=&#34;3-do-you-send-overseas&#34;&gt;3. DO YOU SEND OVERSEAS?&lt;/h2&gt;

&lt;p&gt;Anim pariatur cliche reprehenderit, enim eiusmod high life accusamus terry richardson ad squid. 3 wolf moon officia aute, non cupidatat skateboard dolor brunch. Food truck quinoa nesciunt laborum eiusmod. Brunch 3 wolf moon tempor, sunt aliqua put a bird on it squid single-origin coffee nulla assumenda shoreditch et. Nihil anim keffiyeh helvetica, craft beer labore wes anderson cred nesciunt sapiente ea proident. Ad vegan excepteur butcher vice lomo. Leggings occaecat craft beer farm-to-table, raw denim aesthetic synth nesciunt you probably haven&amp;rsquo;t heard of them accusamus labore sustainable VHS.&lt;/p&gt;

&lt;h2 id=&#34;4-why-are-you-more-expensive-than-others&#34;&gt;4. WHY ARE YOU MORE EXPENSIVE THAN OTHERS?&lt;/h2&gt;

&lt;p&gt;Pellentesque habitant morbi tristique senectus et netus et malesuada fames ac turpis egestas. Vestibulum tortor quam, feugiat vitae, ultricies eget, tempor sit amet, ante. Donec eu libero sit amet quam egestas semper. Aenean ultricies mi vitae est. Mauris placerat eleifend leo.&lt;/p&gt;

&lt;ul&gt;
&lt;li&gt;Lorem ipsum dolor sit amet, consectetuer adipiscing elit.&lt;/li&gt;
&lt;li&gt;Aliquam tincidunt mauris eu risus.&lt;/li&gt;
&lt;li&gt;Vestibulum auctor dapibus neque.&lt;/li&gt;
&lt;/ul&gt;

&lt;h2 id=&#34;5-another-important-question&#34;&gt;5. ANOTHER IMPORTANT QUESTION&lt;/h2&gt;

&lt;p&gt;Pellentesque habitant morbi tristique senectus et netus et malesuada fames ac turpis egestas. Vestibulum tortor quam, feugiat vitae, ultricies eget, tempor sit amet, ante. Donec eu libero sit amet quam egestas semper. Aenean ultricies mi vitae est. Mauris placerat eleifend leo.&lt;/p&gt;

&lt;ul&gt;
&lt;li&gt;Lorem ipsum dolor sit amet, consectetuer adipiscing elit.&lt;/li&gt;
&lt;li&gt;Aliquam tincidunt mauris eu risus.&lt;/li&gt;
&lt;li&gt;Vestibulum auctor dapibus neque.&lt;/li&gt;
&lt;/ul&gt;

&lt;hr /&gt;

&lt;blockquote&gt;
&lt;p&gt;In case you haven&amp;rsquo;t found the answer for your question please feel free to contact us, our customer support will be happy to help you.&lt;/p&gt;
&lt;/blockquote&gt;
</description>
    </item>
    
    <item>
      <title>Speakers</title>
      <link>https://pages.nist.gov/GCTC/event/gctc-expo-2017/speakers/</link>
      <pubDate>Mon, 01 Jan 0001 00:00:00 +0000</pubDate>
      
      <guid>https://pages.nist.gov/GCTC/event/gctc-expo-2017/speakers/</guid>
      <description>&lt;style type=&#34;text/css&#34;&gt;
    .inlineBlock {display:inline-block;vertical-align: top;position:relative;width:200px;height:350px;overflow:hidden;}
    .inlineBlock img {object-fit: cover;
    object-position: 25% 25%;
    overflow: hidden;
    height: 200px;
    width:100%;}
    .inlineBlock h3 {margin-bottom:0;}
    .inlineBlock p {margin-top:0;font-size:12px;}
&lt;/style&gt;

&lt;div class=&#34;gridWrap&#34;&gt;
    &lt;div class=&#34;inlineBlock&#34;&gt;
        &lt;img alt=&#34;Pauline Cutter&#34; src=&#34;https://pages.nist.gov/GCTC/GCTC/uploads/2017/07/11/01-PaulineCutter-crop.jpg&#34;&gt;     
        &lt;h3&gt;Pauline Cutter&lt;/h3&gt;
        &lt;p&gt;Mayor, San Leandro, California&lt;/p&gt;
    &lt;/div&gt;
    &lt;div class=&#34;inlineBlock&#34;&gt;
        &lt;img alt=&#34;Sly James&#34; src=&#34;https://pages.nist.gov/GCTC/GCTC/uploads/2017/07/11/02-SlyJames-crop.jpg&#34;&gt;       
        &lt;h3&gt;Sly James&lt;/h3&gt;
        &lt;p&gt;Mayor, Kansas City, Missouri&lt;/p&gt;
    &lt;/div&gt;
    &lt;div class=&#34;inlineBlock&#34;&gt;
        &lt;img alt=&#34;Gary McCarthy&#34; src=&#34;https://pages.nist.gov/GCTC/GCTC/uploads/2017/07/11/03-GaryMcCarthy-crop.jpg&#34;&gt;       
        &lt;h3&gt;Gary McCarthy&lt;/h3&gt;
        &lt;p&gt;Mayor, Schenectady, New York&lt;/p&gt;
    &lt;/div&gt;
    &lt;div class=&#34;inlineBlock&#34;&gt;
        &lt;img alt=&#34;Hayato Shimizu&#34; src=&#34;https://pages.nist.gov/GCTC/GCTC/uploads/2017/07/11/04-HayatoShimizu2-crop.jpg&#34;&gt;        
        &lt;h3&gt;Hayato Shimizu&lt;/h3&gt;
        &lt;p&gt;Mayor, Saitama, Japan&lt;/p&gt;
    &lt;/div&gt;
    &lt;div class=&#34;inlineBlock&#34;&gt;
        &lt;img alt=&#34;Acquanetta Warren&#34; src=&#34;https://pages.nist.gov/GCTC/GCTC/uploads/2017/07/11/05-AcquanettaWarren-crop.jpg&#34;&gt;       
        &lt;h3&gt;Acquanetta Warren&lt;/h3&gt;
        &lt;p&gt;Mayor, Fontana, California&lt;/p&gt;
    &lt;/div&gt;
    &lt;div class=&#34;inlineBlock&#34;&gt;
        &lt;img alt=&#34;Hideyuki Tokuda&#34; src=&#34;https://pages.nist.gov/GCTC/GCTC/uploads/2017/07/11/06-HideyukiTokuda2-crop.jpg&#34;&gt;      
        &lt;h3&gt;Hideyuki Tokuda&lt;/h3&gt;
        &lt;p&gt;President, National Institute of Information and Communications Technology, Japan&lt;/p&gt;
    &lt;/div&gt;
    &lt;div class=&#34;inlineBlock&#34;&gt;
        &lt;img alt=&#34;Holly Vineyard&#34; src=&#34;https://pages.nist.gov/GCTC/GCTC/uploads/2017/07/11/07-Holly-Vineyard.jpg&#34;&gt;     
        &lt;h3&gt;Holly Vineyard&lt;/h3&gt;
        &lt;p&gt;Principal Deputy Assistant Secretary, U.S. Department of Commerce, International Trade Administration&lt;/p&gt;
    &lt;/div&gt;
    &lt;div class=&#34;inlineBlock&#34;&gt;
        &lt;img src=&#34;https://pages.nist.gov/GCTC/GCTC/uploads/2017/04/19/Tony_Battala.jpg&#34;&gt;       
        &lt;h3&gt;Tony Batalla&lt;/h3&gt;
        &lt;p&gt;IT Manager/Director, City of San Leandro, CA&lt;/p&gt;     
    &lt;/div&gt;
    &lt;div class=&#34;inlineBlock&#34;&gt;
        &lt;img src=&#34;https://pages.nist.gov/GCTC/GCTC/uploads/2017/04/19/Bob%20Bennett%203-1.jpg&#34;&gt;        
        &lt;h3&gt;Bob Bennett&lt;/h3&gt;
        &lt;p&gt;Chief Innovation Officer, Kansas City, MO&lt;/p&gt;        
    &lt;/div&gt;  
    &lt;div class=&#34;inlineBlock&#34;&gt;
        &lt;img src=&#34;https://pages.nist.gov/GCTC/GCTC/uploads/2017/04/19/Ed%20Davalos%20-%20Pic%201.1.gif&#34;&gt;       
        &lt;h3&gt;Ed Davalos&lt;/h3&gt;
        &lt;p&gt;Director of Internet of Things and Smart Cities, AT&amp;amp;T&lt;/p&gt;        
    &lt;/div&gt;  
    &lt;div class=&#34;inlineBlock&#34;&gt;
        &lt;img src=&#34;https://pages.nist.gov/GCTC/GCTC/uploads/2017/04/19/Michael%20Dunaway.jpg&#34;&gt;      
        &lt;h3&gt;Michael Dunaway&lt;/h3&gt;
        &lt;p&gt;Director, NIMSAT, Informatics Research Institute (IRI), University of Louisiana at Lafayette&lt;/p&gt;     
    &lt;/div&gt;
    &lt;div class=&#34;inlineBlock&#34;&gt;
        &lt;img src=&#34;https://pages.nist.gov/GCTC/GCTC/uploads/2017/04/19/skip_newberry.jpeg&#34;&gt;     
        &lt;h3&gt;Skip Newbery&lt;/h3&gt;
        &lt;p&gt;President and CEO, Technology Associates of Oregon&lt;/p&gt;       
    &lt;/div&gt;  
    &lt;div class=&#34;inlineBlock&#34;&gt;
        &lt;img alt=&#34;Wilfred_Pinfold&#34; src=&#34;https://pages.nist.gov/GCTC/GCTC/uploads/2017/04/19/Wilfred_Pinfold.png&#34;&gt;      
        &lt;h3&gt;Wilfred Pinfold&lt;/h3&gt;
        &lt;p&gt;CEO, Urban Systems&lt;/p&gt;       
    &lt;/div&gt;      
    &lt;div class=&#34;inlineBlock&#34;&gt;
        &lt;img src=&#34;https://pages.nist.gov/GCTC/GCTC/uploads/2017/04/19/JonWalton%20Image-2.jpeg&#34;&gt;       
        &lt;h3&gt;Jon Walton&lt;/h3&gt;
        &lt;p&gt;Chief Information Officer, San Mateo County, CA&lt;/p&gt;      
    &lt;/div&gt;  
    &lt;div class=&#34;inlineBlock&#34;&gt;
        &lt;img src=&#34;https://pages.nist.gov/GCTC/GCTC/uploads/2017/04/19/David%20Witkowski_Jacket_1920_1920-1.jpg&#34;&gt;       
        &lt;h3&gt;David Witkowski&lt;/h3&gt;
        &lt;p&gt;Executive Director, Wireless Communications Initiative, Joint Venture Silicon Valley&lt;/p&gt;     
    &lt;/div&gt;  
&lt;/div&gt;
</description>
    </item>
    
  </channel>
</rss>