<?xml version="1.0" encoding="utf-8" standalone="yes" ?>
<rss version="2.0" xmlns:atom="http://www.w3.org/2005/Atom">
  <channel>
    <title>Events on Global City Team Challenge</title>
    <link>https://pages.nist.gov/GCTC/event/index.xml</link>
    <description>Recent content in Events on Global City Team Challenge</description>
    <generator>Hugo -- gohugo.io</generator>
    <language>en-us</language>
    <copyright>Copyright (c) 2016 - 2017, Global City Team Challenge all rights reserved.</copyright>
    <lastBuildDate>Wed, 10 May 2017 13:49:15 +0000</lastBuildDate>
    <atom:link href="https://pages.nist.gov/GCTC/event/index.xml" rel="self" type="application/rss+xml" />
    
    <item>
      <title>agenda</title>
      <link>https://pages.nist.gov/GCTC/event/gctc-expo-2017/agenda/</link>
      <pubDate>Wed, 10 May 2017 13:49:15 +0000</pubDate>
      
      <guid>https://pages.nist.gov/GCTC/event/gctc-expo-2017/agenda/</guid>
      <description>&lt;p&gt;&lt;img src=&#34;https://pages.nist.gov/GCTC/GCTC/uploads/2017/05/10/20170505%20Agenda%20Short-rev2.png&#34; alt=&#34;&#34; /&gt;&lt;/p&gt;
</description>
    </item>
    
    <item>
      <title>Press</title>
      <link>https://pages.nist.gov/GCTC/event/gctc-expo-2017/press/</link>
      <pubDate>Mon, 17 Apr 2017 12:43:33 -0400</pubDate>
      
      <guid>https://pages.nist.gov/GCTC/event/gctc-expo-2017/press/</guid>
      <description>&lt;p&gt;Members of the press are encouraged to contact Jenny Herzfeld at &lt;a href=&#34;mailto:jherzfeld@energetics.com&#34;&gt;jherzfeld@energetics.com&lt;/a&gt; to schedule interviews with our teams and speakers. A complete list of teams can be seen &lt;a href=&#34;https://pages.nist.gov/GCTC/event/gctc-expo-2017/exhibit&#34;&gt;here&lt;/a&gt;. A complete list of speakers can be seen &lt;a href=&#34;https://pages.nist.gov/GCTC/event/gctc-expo-2017/speakers&#34;&gt;here&lt;/a&gt;.&lt;/p&gt;
</description>
    </item>
    
    <item>
      <title>expo presentations</title>
      <link>https://pages.nist.gov/GCTC/event/gctc-expo-2017/expo-presentations/</link>
      <pubDate>Mon, 17 Apr 2017 12:43:33 -0400</pubDate>
      
      <guid>https://pages.nist.gov/GCTC/event/gctc-expo-2017/expo-presentations/</guid>
      <description>&lt;p&gt;Coming Soon&amp;hellip;&lt;/p&gt;
</description>
    </item>
    
    <item>
      <title>news</title>
      <link>https://pages.nist.gov/GCTC/event/gctc-expo-2017/news/</link>
      <pubDate>Mon, 17 Apr 2017 12:43:23 -0400</pubDate>
      
      <guid>https://pages.nist.gov/GCTC/event/gctc-expo-2017/news/</guid>
      <description>&lt;h2&gt;&lt;a href=&#34;http://smartcity.cioreview.com/cxoinsight/building-smart-cities-nid-24516-cid-134.html&#34;&gt;Building Smart Cities&lt;/a&gt;&lt;/h2&gt;

&lt;p&gt;Sokwoo Rhee, National Institute of Standards and Technology (NIST), for &lt;em&gt;CIO Review&lt;/em&gt;&lt;/p&gt;

&lt;p&gt;&lt;img alt=&#34;cioreview&#34; src=&#34;https://pages.nist.gov/GCTC/GCTC/uploads/2017/07/11/cioreview.png&#34;&gt;&lt;/p&gt;

&lt;p&gt;This interview describes the technical and economic benefits of developing smart cities, along with the advantages of leveraging common solutions and investments through NIST&amp;rsquo;s Global City Teams Challenge.&lt;/p&gt;

&lt;hr /&gt;

&lt;h2&gt;&lt;a href=&#34;http://psa.cioreview.com/cioviewpoint/modern-interconnectedness-demands-regional-solutions-nid-24234-cid-159.html&#34;&gt;Modern Interconnectedness Demands Regional Solutions&lt;/a&gt;&lt;/h2&gt;
Jon Walton, CIO of San Mateo County, for CIO Review  

&lt;img alt=&#34;Jon Walton, CIO, San Mateo County&#34; src=&#34;https://pages.nist.gov/GCTC/GCTC/uploads/2017/07/11/jonwalton.jpeg&#34;&gt;  

Jon Walton, CIO, San Mateo County  

Examples from San Mateo County illustrate how local governments can facilitate the development of widespread, high-speed internet connectivity to serve their communities more effectively and efficiently. The county established a public Wi-Fi system in 2015 and is currently building multi-jurisdictional fiber optic network. 

---

&lt;h2&gt;&lt;a href=&#34;http://www.dentonrc.com/education/university-of-north-texas/2017/06/13/briefly-the-university-of-north-texas-3&#34;&gt;University of North Texas: Drone providing cell phone service takes first flight&lt;/a&gt;&lt;/h2&gt;

&lt;p&gt;Jenna Duncan, Staff Writer at Denton Record-Chronicle&lt;/p&gt;

&lt;p&gt;&lt;img alt=&#34;University of North Texas Campus&#34; src=&#34;https://pages.nist.gov/GCTC/GCTC/uploads/2017/07/11/cioreview.png&#34;&gt;&lt;br /&gt;
University of North Texas Campus&lt;/p&gt;

&lt;p&gt;Researchers at the University of North Texas and other organizations completed a successful field test of a drone that provides cell phone service. Potential benefits of this research could enable emergency workers to remain in contact during emergency response situations that disable conventional communications systems.&lt;/p&gt;
</description>
    </item>
    
    <item>
      <title>logistics</title>
      <link>https://pages.nist.gov/GCTC/event/gctc-expo-2017/logistics/</link>
      <pubDate>Mon, 17 Apr 2017 12:43:19 -0400</pubDate>
      
      <guid>https://pages.nist.gov/GCTC/event/gctc-expo-2017/logistics/</guid>
      <description>&lt;p&gt;The Global City Teams Challenge Expo 2017 will be held at The Walter E. Washington Convention Center in Washington D.C. For more information on the convention center, nearby hotels, parking information, and more, click on the link below.&lt;/p&gt;

&lt;p&gt;&lt;a class=&#34;customBtn2&#34; href=&#34;http://www.dcconvention.com/Events/NIST_-_Global_City_Teams_Challenge_(GCTC)_2017_Exp.aspx&#34; target=&#34;_blank&#34;&gt;GCTC Convention Center Site&lt;/a&gt;&lt;/p&gt;

&lt;p&gt;&lt;img src=&#34;https://pages.nist.gov/GCTC/GCTC/uploads/2017/05/04/_0030_exterior-jhph-J2I2063-hires.png&#34; alt=&#34;&#34; /&gt;&lt;/p&gt;

&lt;hr&gt;

&lt;p&gt;Please direct your logistics questions about the Global City Teams Challenge EXPO to Gale Guerrieri at &lt;a href=&#34;mailto:meetingsguru@gmail.com&#34;&gt;meetingsguru@gmail.com&lt;/a&gt;&lt;/p&gt;

&lt;p&gt;For directions to the convention center, click on the link below.&lt;/p&gt;

&lt;p&gt;&lt;a class=&#34;customBtn2&#34; href=&#34;http://www.dcconvention.com/Venues/ConventionCenter/DirectionsAndParking.aspx&#34; target=&#34;_blank&#34;&gt;Directions&lt;/a&gt;&lt;/p&gt;
</description>
    </item>
    
    <item>
      <title>exhibits</title>
      <link>https://pages.nist.gov/GCTC/event/gctc-expo-2017/exhibit/</link>
      <pubDate>Mon, 17 Apr 2017 12:43:14 -0400</pubDate>
      
      <guid>https://pages.nist.gov/GCTC/event/gctc-expo-2017/exhibit/</guid>
      <description>&lt;p&gt;Exhibitors - Please contact Gale Guerrieri at &lt;a href=&#34;mailto:meetingsguru@gmail.com&#34;&gt;meetingsguru@gmail.com&lt;/a&gt; for questions related to exhibitor requirements and packages.&lt;/p&gt;

&lt;p&gt;Exhibits Information Coming Soon&amp;hellip;&lt;/p&gt;
</description>
    </item>
    
    <item>
      <title></title>
      <link>https://pages.nist.gov/GCTC/event/gctc-expo-2017/</link>
      <pubDate>Mon, 01 Jan 0001 00:00:00 +0000</pubDate>
      
      <guid>https://pages.nist.gov/GCTC/event/gctc-expo-2017/</guid>
      <description>&lt;meta charset=&#34;utf-8&#34;&gt;
&lt;meta http-equiv=&#34;X-UA-Compatible&#34; content=&#34;IE=edge&#34;&gt;
&lt;meta name=&#34;viewport&#34; content=&#34;width=device-width, initial-scale=1&#34;&gt;

&lt;title&gt;The 2017 Global City Teams Challenge (GCTC) Expo&lt;/title&gt;

  
&lt;link rel=&#34;stylesheet&#34; href=&#34;//maxcdn.bootstrapcdn.com/font-awesome/4.7.0/css/font-awesome.min.css&#34;&gt;
  &lt;link rel=&#34;stylesheet&#34; href=&#34;//maxcdn.bootstrapcdn.com/bootstrap/3.3.7/css/bootstrap.min.css&#34; integrity=&#34;sha384-BVYiiSIFeK1dGmJRAkycuHAHRg32OmUcww7on3RYdg4Va+PmSTsz/K68vbdEjh4u&#34; crossorigin=&#34;anonymous&#34;&gt;

&lt;link href=&#34;https://pages.nist.gov/cpspwg/static/css/nist_github_header.css&#34; type=&#34;text/css&#34; rel=&#34;stylesheet&#34;&gt;
&lt;link href=&#34;https://fonts.googleapis.com/css?family=Open+Sans:400,700|Roboto:100,400,400i,700,900&#34; rel=&#34;stylesheet&#34;&gt;
  &lt;!-- Css animations  --&gt;
  &lt;link href=&#34;{{ .Site.BaseURL }}css/animate.css&#34; rel=&#34;stylesheet&#34;&gt;

  &lt;!-- Theme stylesheet, if possible do not edit this stylesheet --&gt;
  {{ if and (isset .Site.Params &#34;style&#34;) .Site.Params.style }}
    &lt;link href=&#34;{{ .Site.BaseURL }}css/style.{{ .Site.Params.style }}.css&#34; rel=&#34;stylesheet&#34; id=&#34;theme-stylesheet&#34;&gt;
  {{ else }}
    &lt;link href=&#34;{{ .Site.BaseURL }}css/style.default.css&#34; rel=&#34;stylesheet&#34; id=&#34;theme-stylesheet&#34;&gt;
  {{ end }}
&lt;link href=&#34;{{ .Site.BaseURL }}css/custom.css&#34; rel=&#34;stylesheet&#34;&gt;
&lt;style&gt;
	html, body {padding: 0;margin: 0;}
	body {font-family: &#39;Open Sans&#39;, sans-serif;font-size:18px; overflow-x: hidden;line-height: 1.6;}
	h1, h2, h3, h4, h5 {font-family: &#39;Roboto Condensed&#39;, sans-serif;font-weight: 700;}
	.lead {font-size:28px;}
	h1, h2 {font-size:74px;}
	a {opacity:1; transition: opacity .25s ease-in-out; }
	a:hover {opacity: 0.6;}
	#site-header {text-align:center;padding:20px 0;}
	#hero {background:url(http://sites.energetics.com/temp/gtct/images/pexels-photo-238634.jpeg) no-repeat 50% 0; background-size:cover;min-height:680px;position:relative;}
	#hero h1 {color:#fff;border-top:11px solid #3E9FBA;border-bottom: 11px solid #3E9FBA;display:block;text-align: center;margin: 100px auto 0 auto;max-width: 720px;font-size:74px;line-height: 89px;padding:20px 0;text-shadow:2px 2px 0px rgba(0,0,0,1.0), -1px -1px 22px rgba(0,0,0,0.5);}
	#hero #date, #hero #location {display: inline-block;font-size:35px;font-family: &#39;Roboto Condensed&#39;, sans-serif;font-weight: 300;color:#fff;text-align:center;line-height: 1;text-shadow:2px 2px 0px rgba(0,0,0,1.0), -1px -1px 22px rgba(0,0,0,0.5);}
	#hero .wrap {margin:20px auto;width:50%;text-align: center;padding-left: 35px;}
	/* #hero #date::after {content:&#34;&#34;;display: inline-block;background:url(images/logo-icon.png) no-repeat 50% 50%;width:50px;height:64px;margin:10px 0 0 0;} */	
	#intro {background-color:#3E9FBA;color:#fff;padding:40px 0;background-image:none;}
	
	.row.no-gutter {}
	.no-gutter &gt; [class*=&#39;col-&#39;] {
		padding-right:0;
		padding-left:0;
	}
	
	#cta { background: #C1B8AF;}
	#cta .lead {font-family: &#39;Roboto Condensed&#39;, sans-serif;font-weight: 300;}
	.customBtn {font-family: &#39;Roboto Condensed&#39;, sans-serif;font-weight: 700;font-size:74px;color:#fff;border-radius:2px;background:url(http://sites.energetics.com/temp/gtct/images/btn-icon.png) right center no-repeat #3E9FBA;padding:10px 120px 10px 40px;}	
		
	#intro a {color:#fff;text-decoration:underline;}
	#intro .container, #intro .row {height: auto; position: relative;}
	#dcConvention:hover{opacity:0.8;}
&lt;/style&gt;



    &lt;header class=&#34;nist-header&#34;&gt;
	&lt;h1&gt;
	  &lt;a class=&#34;nist-logo&#34; href=&#34;http://www.nist.gov/cps&#34; title=&#34;Go to nist.gov&#34;&gt;National Institute of Standards and Technology&lt;/a&gt;
	&lt;/h1&gt;
	&lt;div class=&#34;nist-links&#34;&gt;
	  &lt;a class=&#34;nist-links-button&#34; href=&#34;http://www.nist.gov&#34;&gt;NIST Website&lt;/a&gt;
	  &lt;a class=&#34;nist-links-button mobile-hide&#34; href=&#34;http://www.nist.gov/public_affairs/nandyou.cfm&#34;&gt;About NIST&lt;/a&gt;
	  &lt;a class=&#34;nist-links-button mobile-hide&#34; href=&#34;https://github.com/usnistgov&#34;&gt;usnistgov on Github&lt;/a&gt;
	&lt;/div&gt;
&lt;/header&gt;
    &lt;div class=&#34;navbar-affixed-top&#34; data-spy=&#34;affix&#34; data-offset-top=&#34;200&#34;&gt;

    &lt;div class=&#34;navbar navbar-default yamm&#34; role=&#34;navigation&#34; id=&#34;navbar&#34;&gt;

        &lt;div class=&#34;container&#34;&gt;
            &lt;div class=&#34;navbar-header&#34;&gt;
                &lt;a class=&#34;navbar-brand home&#34; href=&#34;{{ .Site.BaseURL }}&#34;&gt;
                    &lt;img src=&#34;{{ .Site.BaseURL }}img/GCTC_logo_344x80.png&#34; alt=&#34;{{ .Title }} logo&#34; class=&#34;hidden-xs hidden-sm&#34;&gt;
                    &lt;img src=&#34;{{ .Site.BaseURL }}img/GCTC_logo-small.png&#34; alt=&#34;{{ .Title }} logo&#34; class=&#34;visible-xs visible-sm&#34;&gt;
                    &lt;span class=&#34;sr-only&#34;&gt;{{ .Title }} - {{ i18n &#34;navHome&#34; }}&lt;/span&gt;
                &lt;/a&gt;
                &lt;div class=&#34;navbar-buttons&#34;&gt;
                    &lt;button type=&#34;button&#34; class=&#34;navbar-toggle btn-template-main&#34; data-toggle=&#34;collapse&#34; data-target=&#34;#navigation&#34;&gt;
                      &lt;span class=&#34;sr-only&#34;&gt;{{ i18n &#34;navToggle&#34; }}&lt;/span&gt;
                        &lt;i class=&#34;fa fa-align-justify&#34;&gt;&lt;/i&gt;
                    &lt;/button&gt;
                &lt;/div&gt;
            &lt;/div&gt;
            &lt;!--/.navbar-header --&gt;

            &lt;div class=&#34;navbar-collapse collapse&#34; id=&#34;navigation&#34;&gt;
                &lt;ul class=&#34;nav navbar-nav navbar-right&#34;&gt;
                  {{ range .Site.Menus.main }}
                  &lt;li class=&#34;dropdown&#34;&gt;
                    {{ if .HasChildren }}
                      &lt;a href=&#34;#&#34; class=&#34;dropdown-toggle&#34; data-toggle=&#34;dropdown&#34; role=&#34;button&#34; aria-haspopup=&#34;true&#34; aria-expanded=&#34;false&#34;&gt;{{ .Name }} &lt;span class=&#34;caret&#34;&gt;&lt;/span&gt;&lt;/a&gt;
                    &lt;ul class=&#34;dropdown-menu&#34;&gt;
                      {{ range .Children }}
                        &lt;li&gt;&lt;a href=&#34;{{ .URL }}&#34;&gt;{{ .Name }}&lt;/a&gt;&lt;/li&gt;
                      {{ end }}
                    &lt;/ul&gt;
                    {{ else }}
                    &lt;a href=&#34;{{ .URL }}&#34;&gt;{{ .Name }}&lt;/a&gt;
                    {{ end  }}
                  &lt;/li&gt;
                  {{ end }}
                &lt;/ul&gt;
				
				&lt;ul id=&#34;expoNav&#34; class=&#34;nav navbar-nav navbar-right&#34; style=&#34;clear:both;&#34;&gt;
                  {{ range .Site.Menus.expomenu }}
                  &lt;li class=&#34;dropdown&#34;&gt;
                    {{ if .HasChildren }}
                      &lt;a href=&#34;#&#34; class=&#34;dropdown-toggle&#34; data-toggle=&#34;dropdown&#34; role=&#34;button&#34; aria-haspopup=&#34;true&#34; aria-expanded=&#34;false&#34;&gt;{{ .Name }} &lt;span class=&#34;caret&#34;&gt;&lt;/span&gt;&lt;/a&gt;
                    &lt;ul class=&#34;dropdown-menu&#34;&gt;
                      {{ range .Children }}
                        &lt;li&gt;&lt;a href=&#34;{{ .URL }}&#34;&gt;{{ .Name }}&lt;/a&gt;&lt;/li&gt;
                      {{ end }}
                    &lt;/ul&gt;
                    {{ else }}
                    &lt;a href=&#34;{{ .URL }}&#34;&gt;{{ .Name }}&lt;/a&gt;
                    {{ end  }}
                  &lt;/li&gt;
                  {{ end }}
                &lt;/ul&gt;
				
            &lt;/div&gt;
            &lt;!--/.nav-collapse --&gt;

            &lt;div class=&#34;collapse clearfix&#34; id=&#34;search&#34;&gt;

                
                    &lt;div class=&#34;input-group&#34;&gt;
                        &lt;input type=&#34;text&#34; class=&#34;form-control&#34; placeholder=&#34;Search&#34;&gt;
                        &lt;span class=&#34;input-group-btn&#34;&gt;

                    &lt;button type=&#34;submit&#34; class=&#34;btn btn-template-main&#34;&gt;&lt;i class=&#34;fa fa-search&#34;&gt;&lt;/i&gt;&lt;/button&gt;

                &lt;/span&gt;
                    &lt;/div&gt;
                

            &lt;/div&gt;
            &lt;!--/.nav-collapse --&gt;

        &lt;/div&gt;
    &lt;/div&gt;
    &lt;!-- /#navbar --&gt;

&lt;/div&gt;

&lt;!-- *** NAVBAR END ***--&gt;





&lt;div class=&#34;container-fluid&#34; id=&#34;hero&#34;&gt;
	&lt;div class=&#34;row&#34;&gt;
		&lt;div class=&#34;col-md-12&#34;&gt;
			&lt;h1&gt;GLOBAL CITY TEAMS CHALLENGE EXPO 2017&lt;/h1&gt;
			&lt;div class=&#34;wrap&#34;&gt;
				&lt;p id=&#34;date&#34;&gt;AUGUST 28-29 &lt;img class=&#34;mobile-hide&#34; style=&#34;padding:0 15px 0 15px; margin-left:20px;&#34; alt=&#34;icon&#34; src=&#34;http://sites.energetics.com/temp/gtct/images/logo-icon.png&#34;&gt; WASHINGTON, DC&lt;/p&gt;
			&lt;/div&gt;
		&lt;/div&gt;
	&lt;/div&gt;
&lt;/div&gt;
&lt;div class=&#34;container-fluid&#34; id=&#34;intro&#34;&gt;
	&lt;div class=&#34;row&#34;&gt;
		&lt;div class=&#34;col-md-6 col-md-offset-3&#34;&gt;
			&lt;p class=&#34;lead&#34;&gt;The 2017 Global City Teams Challenge (GCTC) Expo will bring together over 100 cities and communities around the world in partnership with more than 300 companies, universities, non-profits, and federal government agencies to share and exhibit their smart city projects and the impacts to their communities.&lt;/p&gt;
			&lt;p&gt;Over 100 action clusters will exhibit and present their projects. SuperClusters will announce smart city blueprints that document real-world examples and best practices among smart city plans and solutions gleaned from cities around the world. Visit &lt;a href=&#34;https://pages.nist.gov/GCTC/about/participation-guide/&#34;&gt;GCTC Participation Guide &lt;/a&gt; if you want to create a new action cluster to exhibit and speak at the event.&lt;/p&gt;
		&lt;/div&gt;
	&lt;/div&gt;
&lt;/div&gt;
&lt;div class=&#34;container-fluid&#34; id=&#34;cta&#34;&gt;
	&lt;div class=&#34;row no-gutter&#34;&gt;
		&lt;div class=&#34;col-md-6&#34;&gt;
			&lt;img src=&#34;http://sites.energetics.com/temp/gtct/images/AdobeStock_22332317.jpg&#34; alt=&#34;THE WALTER E. WASHINGTON CONVENTION CENTER&#34; class=&#34;img-responsive&#34;&gt;
		&lt;/div&gt;
		&lt;div class=&#34;col-md-6&#34; id=&#34;dcConvention&#34;&gt;
			&lt;div style=&#34;cursor: pointer;background: #646469;overflow: hidden;padding: 20px 40px;color:#fff;&#34;&gt;
				&lt;a href=&#34;http://www.dcconvention.com/Events/NIST_-_Global_City_Teams_Challenge_(GCTC)_2017_Exp.aspx&#34; target=&#34;_blank&#34; style=&#34;text-decoration: none;color:#ffffff;&#34;&gt;
				&lt;h2&gt;AUGUST 28-29, 2017&lt;/h2&gt;
				&lt;p class=&#34;lead&#34; style=&#34;margin-bottom: 0;padding-bottom:0;&#34;&gt;
					THE WALTER E. WASHINGTON CONVENTION CENTER
				&lt;/p&gt;
				&lt;p style=&#34;margin: 0;padding:0;&#34;&gt;&lt;small&gt;801 Mt. Vernon Place NW, Washington, DC, USA&lt;/small&gt;&lt;/p&gt;
				&lt;/a&gt;
			&lt;/div&gt;
			&lt;div style=&#34;overflow: hidden;padding: 40px;color:#181818;&#34;&gt;
				&lt;p&gt;&lt;a class=&#34;customBtn&#34; href=&#34;mailto:GCTCExpo@energetics.com?subject=RSVP | 2017 Global City Teams Challenge (GCTC) Expo&amp;amp;body=Please RSVP with the name, title, affiliation, and email address for all registrants.&#34;&gt;RSVP Now&lt;/a&gt;&lt;/p&gt;
				&lt;p&gt;&lt;strong&gt;Registration is free&lt;/strong&gt;. To register for the event, please click on the RSVP button above or email &lt;a href=&#34;mailto:GCTCExpo@energetics.com?subject=RSVP | 2017 Global City Teams Challenge (GCTC) Expo&amp;amp;body=Please RSVP with the name, title, affiliation, and email address for all registrants.&#34;&gt;GCTCExpo@energetics.com&lt;/a&gt;. Please RSVP with the name, title, affiliation, and email address for all registrants. For general questions regarding the Global City Teams Challenge and/or Expo, email &lt;a href=&#34;mailto:sokwoo.rhee@nist.gov?subject=General question about the 2017 Global City Teams Challenge (GCTC) Expo&#34;&gt;sokwoo.rhee@nist.gov&lt;/a&gt;. &lt;/p&gt;
			&lt;/div&gt;
		&lt;/div&gt;		
	&lt;/div&gt;
&lt;/div&gt;
&lt;footer id=&#34;footer&#34;&gt;

&lt;/footer&gt;

&lt;!-- /#footer --&gt;
&lt;div&gt;
&lt;p style=&#34;color:#777;font-size:12px;line-height:110%;padding-top:20px;padding-left:50px;padding-right:50px;padding-bottom:10px;&#34;&gt;
PLEASE NOTE: This is a collaborative website. NIST does not endorse the views expressed, or necessarily concur with the information presented on these sites. Further, NIST does not endorse any commercial products that may be mentioned on these sites. All the material on this website is in the public domain and is intended for unrestricted use by interested parties, including any text, diagrams, or images, unless indicated explicitly.
&lt;br&gt;&lt;br&gt;Don&#39;t share anything on this site that you do not want to be public. Do not post any proprietary documents, information or data Anything placed on this site is considered public disclosure and it shall be deemed to have been disclosed on a non-confidential basis, without any restrictions on use by anyone, except that no valid copyright or patent right shall be deemed to have been waived by such disclosure. 
&lt;br&gt;&lt;br&gt;Certain commercial equipment, instruments, materials, systems, software, and trade names may be identified throughout this site in order to specify or identify technologies adequately. Such identification is not intended to imply recommendation or endorsement by NIST or any other party, nor is it intended to imply that the systems or products identified are necessarily the best available for the purpose. All data and other information posted on this site is provided as a public service and is provided &#34;AS IS.&#34;  NIST MAKES NO WARRANTY OF ANY KIND, EXPRESS, IMPLIED OR STATUTORY, INCLUDING, WITHOUT LIMITATION, THE IMPLIED WARRANTY OF MERCHANTABILITY, FITNESS FOR A PARTICULAR PURPOSE, NON-INFRINGEMENT AND DATA ACCURACY.  
&lt;br&gt;&lt;br&gt;By selecting external links, you will be leaving NIST webspace. Links to other websites are provided because they may have information that would be of interest to you. No inferences should be drawn on account of other sites being referenced, or not, from this page. There may be other websites that are more appropriate for your purpose.
&lt;br&gt;&lt;a href=&#34;http://www.nist.gov/public_affairs/privacy.cfm#privpolicy&#34;&gt;Privacy Policy&lt;/a&gt; | &lt;a href=&#34;http://www.nist.gov/public_affairs/privacy.cfm#secnot&#34;&gt;Security Notice&lt;/a&gt; | &lt;a href=&#34;http://www.nist.gov/public_affairs/privacy.cfm#accesstate&#34;&gt;Accessibility Statement&lt;/a&gt; | &lt;a href=&#34;mailto:sgwikisupport@nist.gov?subject=Feedback%20on%20NistPagesTemplate%20Web%20Site&#34;&gt;Send feedback&lt;/a&gt;

&lt;/p&gt;
&lt;/div&gt;

&lt;script src=&#34;https://ajax.googleapis.com/ajax/libs/jquery/1.12.4/jquery.min.js&#34;&gt;&lt;/script&gt;
&lt;!-- Latest compiled and minified JavaScript --&gt;
&lt;script src=&#34;https://maxcdn.bootstrapcdn.com/bootstrap/3.3.7/js/bootstrap.min.js&#34; integrity=&#34;sha384-Tc5IQib027qvyjSMfHjOMaLkfuWVxZxUPnCJA7l2mCWNIpG9mGCD8wGNIcPD7Txa&#34; crossorigin=&#34;anonymous&#34;&gt;&lt;/script&gt;

&lt;script&gt;
(function(i,s,o,g,r,a,m){i[&#39;GoogleAnalyticsObject&#39;]=r;i[r]=i[r]||function(){
(i[r].q=i[r].q||[]).push(arguments)},i[r].l=1*new Date();a=s.createElement(o),
m=s.getElementsByTagName(o)[0];a.async=1;a.src=g;m.parentNode.insertBefore(a,m)
})(window,document,&#39;script&#39;,&#39;https://www.google-analytics.com/analytics.js&#39;,&#39;ga&#39;);

ga(&#39;create&#39;, &#39;UA-98010590-1&#39;, &#39;auto&#39;);
ga(&#39;send&#39;, &#39;pageview&#39;);
&lt;/script&gt;</description>
    </item>
    
    <item>
      <title>Speakers</title>
      <link>https://pages.nist.gov/GCTC/event/gctc-expo-2017/speakers/</link>
      <pubDate>Mon, 01 Jan 0001 00:00:00 +0000</pubDate>
      
      <guid>https://pages.nist.gov/GCTC/event/gctc-expo-2017/speakers/</guid>
      <description>&lt;style type=&#34;text/css&#34;&gt;
    .inlineBlock {display:inline-block;vertical-align: top;position:relative;width:200px;height:350px;overflow:hidden;}
    .inlineBlock img {object-fit: cover;
    object-position: 25% 25%;
    overflow: hidden;
    height: 200px;
    width:100%;}
    .inlineBlock h3 {margin-bottom:0;}
    .inlineBlock p {margin-top:0;font-size:12px;}
&lt;/style&gt;

&lt;div class=&#34;gridWrap&#34;&gt;
    &lt;div class=&#34;inlineBlock&#34;&gt;
        &lt;img alt=&#34;Pauline Cutter&#34; src=&#34;https://pages.nist.gov/GCTC/GCTC/uploads/2017/07/11/01-PaulineCutter-crop.jpg&#34;&gt;     
        &lt;h3&gt;Pauline Cutter&lt;/h3&gt;
        &lt;p&gt;Mayor, San Leandro, California&lt;/p&gt;
    &lt;/div&gt;
    &lt;div class=&#34;inlineBlock&#34;&gt;
        &lt;img alt=&#34;Sly James&#34; src=&#34;https://pages.nist.gov/GCTC/GCTC/uploads/2017/07/11/02-SlyJames-crop.jpg&#34;&gt;       
        &lt;h3&gt;Sly James&lt;/h3&gt;
        &lt;p&gt;Mayor, Kansas City, Missouri&lt;/p&gt;
    &lt;/div&gt;
    &lt;div class=&#34;inlineBlock&#34;&gt;
        &lt;img alt=&#34;Gary McCarthy&#34; src=&#34;https://pages.nist.gov/GCTC/GCTC/uploads/2017/07/11/03-GaryMcCarthy-crop.jpg&#34;&gt;       
        &lt;h3&gt;Gary McCarthy&lt;/h3&gt;
        &lt;p&gt;Mayor, Schenectady, New York&lt;/p&gt;
    &lt;/div&gt;
    &lt;div class=&#34;inlineBlock&#34;&gt;
        &lt;img alt=&#34;Hayato Shimizu&#34; src=&#34;https://pages.nist.gov/GCTC/GCTC/uploads/2017/07/11/04-HayatoShimizu2-crop.jpg&#34;&gt;        
        &lt;h3&gt;Hayato Shimizu&lt;/h3&gt;
        &lt;p&gt;Mayor, Saitama, Japan&lt;/p&gt;
    &lt;/div&gt;
    &lt;div class=&#34;inlineBlock&#34;&gt;
        &lt;img alt=&#34;Acquanetta Warren&#34; src=&#34;https://pages.nist.gov/GCTC/GCTC/uploads/2017/07/11/05-AcquanettaWarren-crop.jpg&#34;&gt;       
        &lt;h3&gt;Acquanetta Warren&lt;/h3&gt;
        &lt;p&gt;Mayor, Fontana, California&lt;/p&gt;
    &lt;/div&gt;
    &lt;div class=&#34;inlineBlock&#34;&gt;
        &lt;img alt=&#34;Hideyuki Tokuda&#34; src=&#34;https://pages.nist.gov/GCTC/GCTC/uploads/2017/07/11/06-HideyukiTokuda2-crop.jpg&#34;&gt;      
        &lt;h3&gt;Hideyuki Tokuda&lt;/h3&gt;
        &lt;p&gt;President, National Institute of Information and Communications Technology, Japan&lt;/p&gt;
    &lt;/div&gt;
    &lt;div class=&#34;inlineBlock&#34;&gt;
        &lt;img alt=&#34;Holly Vineyard&#34; src=&#34;https://pages.nist.gov/GCTC/GCTC/uploads/2017/07/11/07-Holly-Vineyard.jpg&#34;&gt;     
        &lt;h3&gt;Holly Vineyard&lt;/h3&gt;
        &lt;p&gt;Principal Deputy Assistant Secretary, U.S. Department of Commerce, International Trade Administration&lt;/p&gt;
    &lt;/div&gt;
    &lt;div class=&#34;inlineBlock&#34;&gt;
        &lt;img src=&#34;https://pages.nist.gov/GCTC/GCTC/uploads/2017/04/19/Tony_Battala.jpg&#34;&gt;       
        &lt;h3&gt;Tony Batalla&lt;/h3&gt;
        &lt;p&gt;IT Manager/Director, City of San Leandro, CA&lt;/p&gt;     
    &lt;/div&gt;
    &lt;div class=&#34;inlineBlock&#34;&gt;
        &lt;img src=&#34;https://pages.nist.gov/GCTC/GCTC/uploads/2017/04/19/Bob%20Bennett%203-1.jpg&#34;&gt;        
        &lt;h3&gt;Bob Bennett&lt;/h3&gt;
        &lt;p&gt;Chief Innovation Officer, Kansas City, MO&lt;/p&gt;        
    &lt;/div&gt;  
    &lt;div class=&#34;inlineBlock&#34;&gt;
        &lt;img src=&#34;https://pages.nist.gov/GCTC/GCTC/uploads/2017/04/19/Ed%20Davalos%20-%20Pic%201.1.gif&#34;&gt;       
        &lt;h3&gt;Ed Davalos&lt;/h3&gt;
        &lt;p&gt;Director of Internet of Things and Smart Cities, AT&amp;amp;T&lt;/p&gt;        
    &lt;/div&gt;  
    &lt;div class=&#34;inlineBlock&#34;&gt;
        &lt;img src=&#34;https://pages.nist.gov/GCTC/GCTC/uploads/2017/04/19/Michael%20Dunaway.jpg&#34;&gt;      
        &lt;h3&gt;Michael Dunaway&lt;/h3&gt;
        &lt;p&gt;Director, NIMSAT, Informatics Research Institute (IRI), University of Louisiana at Lafayette&lt;/p&gt;     
    &lt;/div&gt;
    &lt;div class=&#34;inlineBlock&#34;&gt;
        &lt;img src=&#34;https://pages.nist.gov/GCTC/GCTC/uploads/2017/04/19/skip_newberry.jpeg&#34;&gt;     
        &lt;h3&gt;Skip Newbery&lt;/h3&gt;
        &lt;p&gt;President and CEO, Technology Associates of Oregon&lt;/p&gt;       
    &lt;/div&gt;  
    &lt;div class=&#34;inlineBlock&#34;&gt;
        &lt;img alt=&#34;Wilfred_Pinfold&#34; src=&#34;https://pages.nist.gov/GCTC/GCTC/uploads/2017/04/19/Wilfred_Pinfold.png&#34;&gt;      
        &lt;h3&gt;Wilfred Pinfold&lt;/h3&gt;
        &lt;p&gt;CEO, Urban Systems&lt;/p&gt;       
    &lt;/div&gt;      
    &lt;div class=&#34;inlineBlock&#34;&gt;
        &lt;img src=&#34;https://pages.nist.gov/GCTC/GCTC/uploads/2017/04/19/JonWalton%20Image-2.jpeg&#34;&gt;       
        &lt;h3&gt;Jon Walton&lt;/h3&gt;
        &lt;p&gt;Chief Information Officer, San Mateo County, CA&lt;/p&gt;      
    &lt;/div&gt;  
    &lt;div class=&#34;inlineBlock&#34;&gt;
        &lt;img src=&#34;https://pages.nist.gov/GCTC/GCTC/uploads/2017/04/19/David%20Witkowski_Jacket_1920_1920-1.jpg&#34;&gt;       
        &lt;h3&gt;David Witkowski&lt;/h3&gt;
        &lt;p&gt;Executive Director, Wireless Communications Initiative, Joint Venture Silicon Valley&lt;/p&gt;     
    &lt;/div&gt;  
&lt;/div&gt;
</description>
    </item>
    
  </channel>
</rss>