<?xml version="1.0" encoding="utf-8" standalone="yes" ?>
<rss version="2.0" xmlns:atom="http://www.w3.org/2005/Atom">
  <channel>
    <title>Abouts on Global City Team Challenge</title>
    <link>https://pages.nist.gov/GCTC/about/index.xml</link>
    <description>Recent content in Abouts on Global City Team Challenge</description>
    <generator>Hugo -- gohugo.io</generator>
    <language>en-us</language>
    <copyright>Copyright (c) 2016 - 2017, Global City Team Challenge all rights reserved.</copyright>
    <lastBuildDate>Wed, 26 Apr 2017 09:44:06 -0400</lastBuildDate>
    <atom:link href="https://pages.nist.gov/GCTC/about/index.xml" rel="self" type="application/rss+xml" />
    
    <item>
      <title>participation guide</title>
      <link>https://pages.nist.gov/GCTC/about/participation-guide/</link>
      <pubDate>Wed, 26 Apr 2017 09:44:06 -0400</pubDate>
      
      <guid>https://pages.nist.gov/GCTC/about/participation-guide/</guid>
      <description>

&lt;h3 id=&#34;global-city-teams-challenge-gctc-participation-guide-how-to-create-an-action-cluster-and-exhibit-speak-at-the-expo&#34;&gt;Global City Teams Challenge (GCTC) Participation Guide - How to create an action cluster and exhibit/speak at the Expo&lt;/h3&gt;

&lt;p&gt;To create an action cluster, each team must complete and submit a project worksheet. The worksheet template can be downloaded &lt;a href=&#34;https://drive.google.com/file/d/0B8nL0SuAAnfXWnFHLUdTRVpNMEE/view?usp=sharing&#34;&gt;here&lt;/a&gt; and a fictitious example can be downloaded &lt;a href=&#34;https://drive.google.com/file/d/0B8nL0SuAAnfXdmhXajNmSHVZUW8/view?usp=sharing&#34;&gt;here&lt;/a&gt;. The submitted worksheet will be reviewed and accepted once verified to meet all the requirements. Complete and email the worksheet to &lt;a href=&#34;mailto:gctcinfo@nist.gov&#34;&gt;gctcinfo@nist.gov&lt;/a&gt;. GCTC organizers will then review the worksheet and send feedback to the team lead. &lt;strong&gt;&lt;em&gt;Exhibit space and speaking opportunities are provided to the approved action clusters. To join the &lt;a href=&#34;https://pages.nist.gov/GCTC/event/gctc-expo-2017/&#34;&gt;GCTC Expo 2017&lt;/a&gt; as an exhibitor/speaker, please create an action cluster by submitting the worksheet.&lt;/em&gt;&lt;/strong&gt;  The requirements to form an action cluster are as follows:&lt;/p&gt;

&lt;ol&gt;
&lt;li&gt;&lt;p&gt;Each team (i.e. action cluster) needs to have at least 2 entities, at least one of them being a municipal government participant which will deploy the smart city solution. (At least one city official should be listed as a team member in the worksheet and participate in the team.) In most of the cases, an action cluster is composed of more than 2 entities, including multiple technology providers and sometimes multiple cities and communities.&lt;/p&gt;&lt;/li&gt;

&lt;li&gt;&lt;p&gt;Once the team is approved as an action cluster, the information on the worksheet will be published on the GCTC web site, either in summary or in full. The contact information of the team lead will be made public, but the contact information of the municipal partner will not be made public.&lt;/p&gt;&lt;/li&gt;

&lt;li&gt;&lt;p&gt;At the GCTC Expo, it is highly encouraged that the municipal government partner participates in the team presentation and exhibit. Each team should demonstrate the feasibility of their project at the Expo by exhibiting prototypes, pilots, and/or preliminary results. The priorities of speaking opportunities will be given to the action clusters joined by one or more municipal partners. Note that the action clusters with no municipal participation at the Expo may not receive a speaking opportunity depending on the level of demand.&lt;/p&gt;&lt;/li&gt;

&lt;li&gt;&lt;p&gt;Optional: Teams are encouraged to have multiple municipal partners and technology providers in an action cluster.&lt;/p&gt;&lt;/li&gt;
&lt;/ol&gt;

&lt;p&gt;The &lt;a href=&#34;https://pages.nist.gov/GCTC/event/gctc-expo-2017/&#34;&gt;GCTC 2017 Expo&lt;/a&gt; will be the largest smart city and Internet of Things event hosted by the US federal government. _**The event is open to anyone who RSVP at &lt;a href=&#34;http://qmphrggxax7vma.preview.forestry.io/GCTC/event/gctc-expo-2017/&#34;&gt;GCTC Expo web site&lt;/a&gt;. The opportunity to exhibit and speak at the GCTC Expo is provided to the approved action clusters. **_Here are a few important points on the participation of action clusters.&lt;/p&gt;

&lt;ol&gt;
&lt;li&gt;&lt;p&gt;Each action cluster is offered an exhibit space free of charge (8x8 or 10x10, exact size TBD). (Note that the space is provided free of charge, but you will need to cover the cost to build your booth. Details will be provided to the team lead.)&lt;/p&gt;&lt;/li&gt;

&lt;li&gt;&lt;p&gt;Each action cluster is eligible for a speaking slot. If there is excessive demand, priority will be given to the action clusters that are joined by city official(s) as part of the presentation and build an exhibit booth.&lt;/p&gt;&lt;/li&gt;

&lt;li&gt;&lt;p&gt;The event has no registration fee and open to all registered attendees. Participating action clusters should encourage as many of their contacts to attend the Expo as possible.&lt;/p&gt;&lt;/li&gt;

&lt;li&gt;&lt;p&gt;Limited travel support will be made available to city officials speaking as a member of action cluster or SuperCluster up to a ceiling (exact amount TBD) and will be offered to one city official per action cluster.&lt;/p&gt;&lt;/li&gt;
&lt;/ol&gt;

&lt;p&gt;In this year&amp;rsquo;s Expo, several SuperClusters will be highlighted as well as action clusters. For those who are not familiar with SuperClusters, they are alliances of action clusters and relevant additional stakeholders grouped into sectors. Currently, there are five official SuperClusters; (1) transportation (2) city data platform (3) public safety (4) energy/water/waste (5) public WiFi and two additional SuperClusters under construction (Healthcare and Data Governance). Each SuperCluster will be given a dedicated exhibit space and a plenary speaking slot. With the given exhibit space, each action cluster has a choice to set up their own booth (unaffiliated), join their space with a SuperCluster of choice (affiliated), or do both. If you feel that your action cluster is closely aligned with a SuperCluster and want to join your exhibit space with a specific SuperCluster, please reach out to the SuperCluster chairs to place your space as part of the SuperCluster Pavilion. (The contact info of the chairs can be found &lt;a href=&#34;https://docs.google.com/spreadsheets/d/1a697VZZElvLgYISq0ukHhLsK556HQPcdIt_IG6gTPfM/edit?usp=sharing&#34;&gt;here&lt;/a&gt;.)&lt;/p&gt;

&lt;p&gt;&lt;img src=&#34;https://pages.nist.gov/GCTC/GCTC/uploads/2017/04/27/20170425%20GCTC%202017%20Structure%20diagram.jpg&#34; alt=&#34;&#34; /&gt;&lt;/p&gt;

&lt;p&gt;Note that an independent exhibit space and a presentation slot are given to Layers 1-3. Individual entities in Layer 4 can be part of a SuperCluster exhibit/presentation, but no independent space/presentation slot is provided.&lt;/p&gt;
</description>
    </item>
    
    <item>
      <title>partners</title>
      <link>https://pages.nist.gov/GCTC/about/partners/</link>
      <pubDate>Thu, 13 Apr 2017 11:07:01 -0400</pubDate>
      
      <guid>https://pages.nist.gov/GCTC/about/partners/</guid>
      <description>

&lt;style type=&#34;text/css&#34;&gt;
    .inlineBlock {display:inline-block;vertical-align: top;}
&lt;/style&gt;

&lt;h3 id=&#34;us-federal-government-partners&#34;&gt;US Federal Government Partners&lt;/h3&gt;

&lt;div class=&#34;gridWrap&#34;&gt;
    &lt;a class=&#34;inlineBlock&#34; href=&#34;https://www.nsf.gov/&#34;&gt;&lt;img alt=&#34;NSF&#34; src=&#34;https://pages.nist.gov/GCTC/GCTC/uploads/2017/06/09/NSF.png&#34;&gt;&lt;/a&gt;
    &lt;a class=&#34;inlineBlock&#34; href=&#34;http://www.trade.gov/&#34;&gt;&lt;img alt=&#34;ITA&#34; src=&#34;https://pages.nist.gov/GCTC/GCTC/uploads/2017/06/09/ITA.png&#34;&gt;&lt;/a&gt;  
    &lt;a class=&#34;inlineBlock&#34; href=&#34;https://www.ntia.doc.gov/home&#34;&gt;&lt;img alt=&#34;DOC&#34; src=&#34;https://pages.nist.gov/GCTC/GCTC/uploads/2017/06/09/DOC.png&#34;&gt;&lt;/a&gt;
    &lt;a class=&#34;inlineBlock&#34; href=&#34;https://www.dhs.gov/&#34;&gt;&lt;img alt=&#34;DHS&#34; src=&#34;https://pages.nist.gov/GCTC/GCTC/uploads/2017/06/09/DHS.png&#34;&gt;&lt;/a&gt;
    &lt;a class=&#34;inlineBlock&#34; href=&#34;https://www.transportation.gov/&#34;&gt;&lt;img alt=&#34;DOT&#34; src=&#34;https://pages.nist.gov/GCTC/GCTC/uploads/2017/06/09/DOT.png&#34;&gt;&lt;/a&gt;
    &lt;a class=&#34;inlineBlock&#34; href=&#34;https://www.state.gov/&#34;&gt;&lt;img alt=&#34;DOS&#34; src=&#34;https://pages.nist.gov/GCTC/GCTC/uploads/2017/06/09/DOS.png&#34;&gt;&lt;/a&gt;
    &lt;a class=&#34;inlineBlock&#34; href=&#34;https://www.nitrd.gov/&#34;&gt;&lt;img alt=&#34;NITRD&#34; src=&#34;https://pages.nist.gov/GCTC/GCTC/uploads/2017/06/09/NITRD.png&#34;&gt;&lt;/a&gt;
&lt;/div&gt;

&lt;h3 id=&#34;non-governmental-organization-ngo-partners&#34;&gt;Non-Governmental Organization (NGO) Partners&lt;/h3&gt;

&lt;div class=&#34;gridWrap&#34;&gt;
    &lt;a class=&#34;inlineBlock&#34; href=&#34;https://www.us-ignite.org/&#34;&gt;&lt;img alt=&#34;usignite&#34; src=&#34;https://pages.nist.gov/GCTC/GCTC/uploads/2017/06/09/usignite_NG.png&#34;&gt;&lt;/a&gt; 
    &lt;a class=&#34;inlineBlock&#34; href=&#34;https://icma.org/&#34;&gt;&lt;img alt=&#34;ICMA&#34; src=&#34;https://pages.nist.gov/GCTC/GCTC/uploads/2017/06/09/ICMA_NG.png&#34;&gt;&lt;/a&gt;
    &lt;a class=&#34;inlineBlock&#34; href=&#34;http://www.naco.org/&#34;&gt;&lt;img alt=&#34;NACO&#34; src=&#34;https://pages.nist.gov/GCTC/GCTC/uploads/2017/06/09/NACO_NG.png&#34;&gt;&lt;/a&gt;
    &lt;a class=&#34;inlineBlock&#34; href=&#34;http://www.usgbc.org/&#34;&gt;&lt;img alt=&#34;GBC&#34; src=&#34;https://pages.nist.gov/GCTC/GCTC/uploads/2017/06/09/GBC_NG.png&#34;&gt;&lt;/a&gt;
    &lt;a class=&#34;inlineBlock&#34; href=&#34;http://metrolab.heinz.cmu.edu&#34;&gt;&lt;img alt=&#34;MetroLab&#34; src=&#34;https://pages.nist.gov/GCTC/GCTC/uploads/2017/06/09/MetroLab_NG.png&#34;&gt;&lt;/a&gt;
    &lt;a class=&#34;inlineBlock&#34; href=&#34;https://www.fiware.org/&#34;&gt;&lt;img alt=&#34;Fiware&#34; src=&#34;https://pages.nist.gov/GCTC/GCTC/uploads/2017/06/09/Fiware_NG.png&#34;&gt;&lt;/a&gt;
    &lt;a class=&#34;inlineBlock&#34; href=&#34;http://we-gov.org/&#34;&gt;&lt;img alt=&#34;WeGO&#34; src=&#34;https://pages.nist.gov/GCTC/GCTC/uploads/2017/06/09/WeGo_NG.png&#34;&gt;&lt;/a&gt;
    &lt;a class=&#34;inlineBlock&#34; href=&#34;http://www.jointventure.org/&#34;&gt;&lt;img alt=&#34;JointVenture&#34; src=&#34;https://pages.nist.gov/GCTC/GCTC/uploads/2017/06/09/JointVenture_NG.png&#34;&gt;&lt;/a&gt;
    &lt;a class=&#34;inlineBlock&#34; href=&#34;http://cleantechsandiego.org/&#34;&gt;&lt;img alt=&#34;CleanTech&#34; src=&#34;https://pages.nist.gov/GCTC/GCTC/uploads/2017/06/09/CleanTech_NG.png&#34;&gt;&lt;/a&gt;

&lt;a class=&#34;inlineBlock&#34; href=&#34;http://atis.org/&#34;&gt;&lt;img src=&#34;https://pages.nist.gov/GCTC/GCTC/uploads/2017/06/16/atis.png&#34;&gt;&lt;/a&gt;
&lt;/div&gt;
</description>
    </item>
    
    <item>
      <title>About GCTC</title>
      <link>https://pages.nist.gov/GCTC/about/the-gctc/</link>
      <pubDate>Mon, 03 Apr 2017 10:58:28 -0400</pubDate>
      
      <guid>https://pages.nist.gov/GCTC/about/the-gctc/</guid>
      <description>

&lt;h2 id=&#34;learn-about-the-global-city-teams-challenge&#34;&gt;Learn about the Global City Teams Challenge&lt;/h2&gt;

&lt;p&gt;Internet of Things (IoT) and Cyber-Physical Systems (CPS) involve connecting smart devices and systems—in diverse sectors such as transportation, energy, manufacturing, and healthcare—in fundamentally new ways. These technologies will enable cities and communities to improve services, promote economic growth, and enhance the quality of life.&lt;/p&gt;

&lt;p&gt;Because many of today’s smart city/community development efforts are isolated and customized projects, the National Institute of Standards and Technology (NIST) launched the Global City Teams Challenge (GCTC) to encourage collaboration and the development of standards. GCTC’s long-term goal is “to establish and demonstrate replicable, scalable, and sustainable models for incubation and deployment of interoperable, standard-based solutions using advanced technologies such as IoT and CPS, and demonstrate their measurable benefits in communities and cities.” To put it simply, this program will help communities benefit from the experience of others to improve efficiency and lower costs.&lt;/p&gt;

&lt;p&gt;NIST, along with its partners, acts as a matchmaker and incubator —facilitating, advising, encouraging, nurturing, and publicizing the action clusters and their projects. Since the programs launched in September 2014, GCTC has recruited and incubated over 160 with participation from over 150 cities and 400 companies/organizations from around the world.&lt;/p&gt;

&lt;p&gt;For further information, contact the organizer, Sokwoo Rhee (&lt;a href=&#34;mailto:sokwoo.rhee@nist.gov&#34;&gt;sokwoo.rhee@nist.gov&lt;/a&gt;).&lt;/p&gt;

&lt;p&gt;&lt;strong&gt;Sokwoo Rhee, Associate Director, Cyber-Physical Systems Program, NIST&lt;/strong&gt;&lt;/p&gt;

&lt;p&gt;&lt;img src=&#34;https://pages.nist.gov/GCTC/GCTC/uploads/2017/04/19/Sokwoo%20Rhee-1.JPG&#34; alt=&#34;&#34; /&gt;&lt;/p&gt;
</description>
    </item>
    
  </channel>
</rss>